,Camille,Irelia,Graves,Vladimir,Volibear,Renekton,Riven,Aatrox,Wukong,Sett,Sylas,Shen,Lulu,Kennen,Akali,Urgot,Hecarim,Annie,Sion,Jayce,Ornn,Malphite,Tryndamere,Pyke,Fiora,Lucian,Yone,Mordekaiser,Ryze,Gangplank,Kayle,Ekko,Gragas,Rumble,Gnar,Ahri,Pantheon,Rengar,Darius,Ashe,Poppy,Kled,Karma,Quinn,Jax,Cassiopeia,Ezreal,Swain,Olaf,Teemo,Tahm Kench,Maokai,Diana,Galio,Garen,Warwick,Cho'Gath,Yasuo,Talon,Zed,Yorick,Vayne,Neeko,Xerath,Viktor,Miss Fortune,Janna,Shaco,Katarina,Kalista,Zac,Seraphine,Master Yi,Senna,Orianna,Jhin,Shyvana,Aphelios,Skarner,Azir,Lillia,Singed,Tristana,Vi,Heimerdinger,Varus,Dr. Mundo,Kai'Sa,Malzahar,Lissandra,Kassadin,Qiyana,Nasus,Twisted Fate,Syndra,Caitlyn,Kha'Zix,Illaoi,Ivern,Anivia,Taliyah,Amumu,Rek'Sai,Karthus,Vel'Koz,Fizz,Draven,Nunu & Willump,Zoe,Brand,Kayn,Aurelion Sol,Jarvan IV,Xin Zhao,Rakan,Sona,Zilean,Kog'Maw,Twitch,Nocturne,LeBlanc,Trundle,Lee Sin,Samira,Soraka,Lux,Bard,Veigar,Nidalee,Rammus,Corki,Sivir,Taric,Udyr,Leona,Ziggs,Sejuani,Fiddlesticks,Thresh,Nautilus,Morgana,Evelynn,Kindred,Jinx,Elise,Yuumi,Blitzcrank,Braum,Alistar,Zyra,Xayah,Nami,Rell
Camille,4589,96,605,86,25,48,11,40,10,311,322,58,141,27,325,5,296,63,7,63,13,41,10,157,11,501,200,9,38,11,23,408,164,67,2,58,367,70,5,234,37,4,83,3,19,89,569,64,186,2,38,258,49,493,8,20,14,107,65,92,0,128,36,50,213,382,155,67,113,43,50,172,17,147,216,863,30,191,16,41,387,7,95,20,32,29,13,813,23,30,101,87,7,123,171,112,224,3,64,118,261,40,122,128,29,128,95,137,162,69,243,10,35,32,204,36,44,17,55,21,89,10,218,278,40,52,205,12,347,11,11,14,51,32,459,29,59,55,418,149,105,111,263,28,135,114,74,68,372,19,33,75,35
Irelia,96,2218,235,45,20,48,24,54,22,140,130,43,77,40,154,8,116,30,15,51,19,59,12,81,29,205,82,19,21,9,29,187,96,40,3,23,170,49,15,138,19,4,33,12,24,39,243,47,64,11,7,110,13,72,10,8,9,39,19,20,0,79,16,30,73,203,85,34,57,27,43,96,11,72,61,378,21,87,8,11,252,4,37,8,17,16,9,391,7,13,44,43,9,39,72,45,112,3,42,46,189,25,33,76,14,47,58,77,56,39,89,8,23,8,105,20,25,6,34,11,13,6,77,125,25,30,123,8,161,8,3,10,22,14,233,13,37,43,179,86,52,63,92,10,54,51,49,36,163,17,14,53,21
Graves,605,235,5812,213,95,260,116,304,139,452,583,273,324,209,681,42,19,99,82,272,211,364,58,189,206,517,198,114,113,94,98,342,276,137,28,92,414,41,119,318,93,51,112,45,234,157,723,88,18,26,42,415,63,438,36,10,52,129,31,68,9,196,65,90,348,438,194,45,184,58,21,252,0,164,350,1089,2,286,7,52,22,45,93,2,55,36,7,1008,23,39,139,38,33,191,334,140,7,23,7,162,68,1,2,60,49,181,133,30,346,74,14,21,7,1,282,52,51,17,71,8,148,4,5,357,64,83,300,31,8,5,12,12,68,10,622,33,0,9,556,223,137,13,14,42,4,118,96,82,465,27,58,114,43
Vladimir,86,45,213,1204,21,32,17,50,14,84,32,45,61,12,47,11,97,9,7,36,18,38,12,59,22,134,72,7,7,10,17,51,42,4,3,10,103,32,15,61,19,7,21,5,31,8,138,20,55,3,5,67,7,43,9,4,4,34,13,27,3,47,5,3,19,85,47,28,20,17,19,35,10,34,18,211,5,52,9,4,56,3,31,8,4,8,6,206,1,4,5,41,7,12,12,35,101,4,16,7,38,18,30,13,4,8,35,39,17,8,96,1,16,9,56,10,8,8,26,12,7,3,68,77,21,6,55,3,40,6,1,1,16,4,102,3,10,9,107,45,37,17,62,11,22,43,21,17,98,8,13,29,8
Volibear,25,20,95,21,816,10,5,13,3,42,65,10,29,13,63,3,43,10,6,13,6,9,5,26,12,74,55,4,12,1,10,64,12,16,1,10,74,12,10,59,8,0,6,2,9,18,83,10,21,2,4,25,10,36,1,1,4,16,15,22,1,21,6,15,49,75,48,12,19,10,9,43,4,34,36,168,6,30,6,12,58,3,22,3,5,5,0,131,4,2,16,18,5,30,38,18,31,1,8,15,43,8,16,26,6,21,17,15,30,11,32,3,2,3,38,5,15,1,25,4,16,3,33,49,9,20,47,3,37,3,2,1,8,6,90,3,4,5,65,29,15,22,36,7,18,21,20,10,57,5,6,11,11
Renekton,48,48,260,32,10,2471,6,36,10,189,178,26,78,24,177,2,122,24,5,58,9,19,4,83,12,284,113,6,22,4,13,201,81,45,3,31,204,27,7,133,16,8,32,6,14,38,301,30,76,3,18,145,21,115,8,4,8,40,43,50,1,75,25,27,100,192,81,45,63,23,25,93,10,74,118,470,20,124,10,13,262,5,47,10,16,7,6,426,11,15,34,61,4,64,86,49,84,0,34,71,298,15,58,85,16,35,54,61,100,37,78,6,21,17,131,17,28,5,32,14,48,5,102,182,25,30,121,5,328,6,8,8,26,11,261,9,17,29,236,83,42,54,95,17,102,47,44,29,228,5,28,32,22
Riven,11,24,116,17,5,6,956,8,2,39,66,11,52,5,52,3,49,27,6,3,6,10,6,42,3,90,46,5,9,2,13,77,15,16,0,14,61,23,0,71,5,0,13,2,5,24,127,25,17,1,3,25,9,26,1,11,6,20,14,18,1,28,10,25,42,66,54,15,28,6,14,43,7,45,45,156,13,28,10,10,73,2,18,5,12,8,5,138,5,13,27,18,2,18,30,28,52,0,21,23,59,20,17,34,10,32,48,39,24,22,52,3,10,6,45,17,10,3,23,9,14,1,40,48,20,27,45,8,63,8,3,4,5,7,84,9,4,19,89,41,29,32,39,4,25,34,21,12,46,4,7,32,10
Aatrox,40,54,304,50,13,36,8,2312,3,156,140,32,71,14,196,1,120,18,5,49,9,34,3,91,8,265,116,4,31,2,19,231,86,26,1,23,177,22,2,90,21,6,34,5,13,35,229,41,89,3,18,145,19,136,2,4,5,53,28,44,0,86,13,36,122,206,66,49,61,21,19,77,10,46,118,412,15,91,9,27,226,6,41,10,16,18,9,479,8,10,32,47,2,58,87,63,88,1,17,69,220,18,57,53,13,55,48,55,93,28,131,8,21,13,123,14,14,6,26,7,55,3,105,193,18,21,105,11,153,7,3,7,19,12,261,9,15,25,235,74,55,43,103,16,50,35,35,39,200,11,21,36,19
Wukong,10,22,139,14,3,10,2,3,1158,65,65,18,48,17,69,2,77,22,3,13,7,16,1,65,7,110,47,1,12,0,10,102,33,26,2,9,92,17,3,63,4,4,19,2,6,18,136,23,41,2,7,53,17,65,2,0,9,39,11,28,0,43,11,22,63,92,52,21,36,13,14,46,7,42,52,227,14,36,5,10,103,3,25,4,5,5,2,180,7,9,22,16,2,34,45,37,63,2,15,58,69,11,34,48,5,28,24,46,34,25,52,3,10,15,50,13,21,6,29,5,15,2,44,54,16,20,58,5,61,5,3,2,9,8,126,10,10,13,99,35,27,25,62,11,30,36,20,9,69,12,12,27,15
Sett,311,140,452,84,42,189,39,156,65,3182,271,102,93,99,325,26,210,18,18,195,66,127,28,63,90,418,131,32,41,49,28,237,114,56,13,31,166,49,29,138,45,15,28,30,108,77,324,43,125,5,10,80,25,175,11,10,8,67,48,47,1,96,17,24,166,241,36,40,56,47,43,71,6,82,162,620,16,134,14,30,328,15,53,10,13,18,11,718,16,17,58,73,4,91,129,52,154,3,30,80,235,18,81,103,11,90,52,82,129,22,174,6,18,20,47,13,13,12,24,17,56,6,134,210,17,24,50,6,240,4,4,3,21,16,133,10,17,32,126,36,25,50,198,12,85,38,21,20,110,7,25,20,8
Sylas,322,130,583,32,65,178,66,140,65,271,3255,133,119,57,147,22,254,20,32,163,61,92,23,105,107,392,140,21,18,65,29,108,97,38,16,8,310,81,47,185,44,22,62,30,109,25,394,38,146,7,32,166,14,88,20,17,16,70,25,48,4,102,16,21,57,236,123,45,37,23,40,95,18,106,53,623,24,128,12,10,188,14,53,10,10,22,12,538,3,3,14,40,19,31,46,84,194,10,31,25,120,28,113,44,16,21,89,69,41,33,192,3,33,25,170,23,27,9,40,18,12,10,199,249,35,30,162,5,130,14,1,10,45,20,368,9,32,27,323,100,77,28,208,24,48,77,50,46,215,15,33,46,23
Shen,58,43,273,45,10,26,11,32,18,102,133,1877,82,10,142,1,161,25,1,34,10,23,7,59,20,218,104,3,25,7,11,162,42,28,1,15,145,43,2,85,20,8,36,8,21,37,224,24,81,2,10,108,20,90,2,4,5,55,22,41,1,58,18,24,110,140,62,25,50,21,11,66,11,51,102,378,17,85,8,13,120,5,34,6,11,9,7,316,12,11,45,45,3,44,69,39,140,3,25,48,79,19,59,40,12,48,54,44,78,32,101,8,13,8,80,14,9,12,22,17,48,2,68,125,19,25,78,11,109,7,6,5,18,16,170,14,8,21,140,58,52,39,109,10,46,47,27,26,108,11,19,22,17
Lulu,141,77,324,61,29,78,52,71,48,93,119,82,1772,40,146,18,147,18,23,50,46,68,21,36,63,159,76,31,27,24,32,115,59,23,12,29,93,56,42,173,16,9,15,9,64,40,151,21,61,14,4,35,28,76,13,6,20,51,20,45,4,168,18,17,65,95,18,23,43,27,21,35,28,33,77,207,9,137,11,8,96,13,31,10,16,10,4,256,13,13,41,46,16,41,61,52,82,5,25,35,56,16,47,36,11,38,45,57,50,9,79,6,26,15,34,4,8,58,84,9,27,5,77,78,7,15,42,6,77,3,0,14,21,13,69,12,7,20,62,18,14,35,199,32,28,6,10,11,53,2,15,11,1
Kennen,27,40,209,12,13,24,5,14,17,99,57,10,40,1114,29,4,98,10,5,28,4,10,8,35,11,182,77,4,10,6,4,62,29,15,0,13,109,26,1,52,13,4,18,0,8,8,116,8,60,0,9,66,8,59,6,5,1,30,20,30,0,38,3,9,54,87,33,15,29,10,11,28,6,27,53,231,8,59,3,5,61,1,16,3,6,6,2,195,3,4,12,47,2,24,32,26,72,0,8,19,35,14,41,13,1,18,29,19,37,7,76,4,17,9,63,8,6,4,10,9,17,2,89,82,10,12,53,4,42,2,1,6,10,5,127,1,3,3,102,42,14,11,68,5,18,22,21,13,97,4,14,16,4
Akali,325,154,681,47,63,177,52,196,69,325,147,142,146,29,3994,23,337,18,34,170,66,137,19,131,109,467,170,27,22,59,34,138,145,35,14,9,321,97,46,197,66,24,50,45,91,32,474,52,221,9,26,241,15,133,12,11,22,94,37,54,6,146,25,41,91,327,141,78,28,47,36,152,20,109,67,772,19,185,19,7,199,14,72,16,19,21,15,732,5,13,28,63,18,27,74,89,272,8,45,40,152,32,155,51,13,27,91,103,67,56,272,1,52,29,205,22,37,10,62,19,22,9,253,243,36,28,197,12,156,9,5,9,44,43,471,6,25,26,422,147,92,31,324,26,53,80,53,55,319,14,44,55,38
Urgot,5,8,42,11,3,2,3,1,2,26,22,1,18,4,23,375,28,5,4,7,1,9,1,23,1,34,19,0,8,2,3,20,9,11,0,5,18,7,1,28,2,3,9,0,1,10,46,7,7,0,3,17,7,20,0,2,2,7,5,3,0,9,3,9,11,29,17,6,7,4,6,20,3,5,13,71,4,12,2,2,31,1,6,1,4,2,1,59,1,3,16,4,0,10,8,11,18,1,2,12,26,2,7,9,2,11,13,14,18,6,17,4,5,4,19,3,6,4,9,3,6,1,9,20,5,7,16,1,27,2,0,4,6,5,30,4,1,1,34,16,11,7,22,4,8,18,9,7,21,8,4,11,3
Hecarim,296,116,19,97,43,122,49,120,77,210,254,161,147,98,337,28,2836,44,39,154,77,173,29,118,125,312,121,48,49,44,71,163,108,71,9,37,215,14,48,156,34,23,49,24,103,80,365,54,9,24,17,163,34,195,17,5,23,79,24,49,9,101,35,38,170,235,120,29,99,28,13,117,0,83,172,501,0,94,7,33,15,26,51,0,30,17,2,482,19,20,66,22,20,85,121,67,8,15,3,84,29,1,2,28,21,94,80,15,142,59,11,10,0,1,132,20,40,8,42,3,57,0,3,177,26,48,162,14,6,1,11,10,24,6,283,16,1,4,238,91,87,1,13,20,5,104,46,36,176,21,28,62,22
Annie,63,30,99,9,10,24,27,18,22,18,20,25,18,10,18,5,44,595,16,22,19,27,11,25,28,65,16,12,2,14,11,28,12,9,3,2,34,21,11,31,8,11,5,4,27,6,65,16,24,3,1,27,4,16,5,3,3,15,4,13,1,21,2,2,6,40,18,14,7,5,8,15,7,18,7,120,5,13,3,2,26,3,13,6,4,1,3,94,1,3,6,10,2,5,6,18,29,3,9,8,19,7,20,15,4,3,21,22,5,4,39,2,8,2,28,7,7,2,15,9,4,0,33,45,4,8,26,0,39,3,1,3,6,7,37,2,9,5,42,17,12,14,36,3,8,8,8,5,27,2,3,17,4
Sion,7,15,82,7,6,5,6,5,3,18,32,1,23,5,34,4,39,16,552,2,0,10,2,21,3,52,26,1,3,1,11,42,12,9,0,12,39,6,2,35,1,0,13,2,2,12,55,10,18,0,3,24,5,24,2,4,0,15,6,16,0,20,8,9,29,49,36,8,22,4,3,17,4,21,21,102,4,16,3,4,43,2,6,1,10,3,4,79,3,6,11,9,2,14,17,20,37,0,5,13,35,3,11,20,4,15,17,15,24,17,24,5,4,4,28,8,9,5,8,2,11,1,28,51,11,6,34,4,17,3,3,1,7,3,55,5,2,9,43,21,9,20,20,7,8,26,10,3,35,2,5,12,4
Jayce,63,51,272,36,13,58,3,49,13,195,163,34,50,28,170,7,154,22,2,2168,10,25,0,73,12,221,82,8,20,13,6,208,91,36,1,14,200,23,4,87,25,1,20,5,15,26,253,39,78,1,24,155,16,114,6,3,5,34,29,22,0,58,17,21,105,194,63,32,38,28,27,68,3,55,81,414,10,106,12,14,257,6,33,2,15,15,6,441,7,9,24,40,4,57,96,53,86,1,19,43,185,20,62,56,11,40,17,55,103,13,105,4,9,7,98,13,14,2,24,7,36,4,95,154,10,15,97,5,190,7,6,2,24,9,257,5,15,30,217,56,42,36,106,7,70,32,30,31,220,10,22,21,18
Ornn,13,19,211,18,6,9,6,9,7,66,61,10,46,4,66,1,77,19,0,10,1080,4,5,31,5,131,49,1,18,3,7,76,21,21,0,14,84,21,3,55,9,4,16,1,8,18,143,13,33,1,5,55,10,48,1,6,1,39,21,27,0,38,10,16,48,81,46,25,29,8,6,55,6,28,49,220,8,53,8,5,71,2,16,1,5,4,3,153,5,4,27,27,1,20,46,28,65,0,8,30,46,11,37,40,11,27,26,15,38,18,65,4,10,7,55,13,12,4,22,4,20,4,55,80,11,14,52,4,55,1,4,4,16,8,99,5,3,12,107,42,27,22,81,5,24,34,18,10,81,4,6,20,6
Malphite,41,59,364,38,9,19,10,34,16,127,92,23,68,10,137,9,173,27,10,25,4,2082,2,86,11,250,123,7,19,7,19,139,53,21,6,24,178,42,13,116,10,6,37,3,10,35,253,35,85,3,9,84,16,107,4,7,5,100,26,51,0,70,17,28,90,203,72,39,49,16,12,72,21,52,98,390,14,62,11,17,141,11,47,9,10,7,1,383,14,10,45,55,7,40,61,43,148,1,25,45,94,12,60,42,25,48,68,45,90,34,147,8,17,6,110,21,21,10,27,4,31,9,86,126,19,23,101,8,96,3,2,7,23,9,210,8,9,19,198,68,48,48,144,14,43,50,28,28,139,18,20,50,21
Tryndamere,10,12,58,12,5,4,6,3,1,28,23,7,21,8,19,1,29,11,2,0,5,2,435,18,4,49,20,3,6,0,9,43,12,2,1,5,21,15,2,27,3,0,10,0,4,7,48,11,12,2,2,18,5,13,0,2,5,12,5,17,0,18,5,7,10,30,21,13,10,6,4,17,3,9,15,70,6,12,2,5,32,1,12,3,1,3,1,60,3,4,11,4,5,10,15,10,25,1,11,9,24,7,8,23,2,15,16,11,18,10,14,2,5,2,16,5,14,3,10,2,9,1,16,25,5,7,18,3,23,5,2,4,0,2,36,2,5,8,42,20,6,14,11,3,10,21,10,5,22,3,4,20,7
Pyke,157,81,189,59,26,83,42,91,65,63,105,59,36,35,131,23,118,25,21,73,31,86,18,1616,78,207,82,29,27,33,44,121,69,28,12,19,60,36,38,79,25,23,11,18,60,35,212,23,67,8,5,29,28,66,17,11,10,47,19,30,7,69,19,19,63,107,15,19,50,19,22,31,9,39,70,280,16,34,10,12,138,15,33,12,15,12,10,275,12,7,27,34,17,41,55,34,73,8,21,35,86,19,39,81,4,35,55,62,55,19,73,5,15,10,16,1,10,11,21,12,30,2,73,79,9,12,16,8,106,7,3,5,9,14,27,6,15,31,19,9,11,55,66,9,31,15,10,3,30,0,13,5,0
Fiora,11,29,206,22,12,12,3,8,7,90,107,20,63,11,109,1,125,28,3,12,5,11,4,78,1661,165,75,4,29,1,6,144,40,23,2,28,131,41,0,111,16,3,27,4,5,35,202,33,41,1,9,71,19,86,2,3,8,43,26,42,0,49,9,19,72,123,71,27,53,21,22,64,13,47,89,312,12,62,12,14,135,2,27,9,11,10,2,243,9,16,35,36,6,50,68,57,111,0,31,42,86,17,37,55,15,45,36,57,66,26,76,6,19,11,71,15,19,3,31,11,31,3,76,128,22,27,104,16,93,2,4,4,26,9,158,14,13,30,149,61,38,30,82,13,68,53,27,33,124,4,9,31,16
Lucian,501,205,517,134,74,284,90,265,110,418,392,218,159,182,467,34,312,65,52,221,131,250,49,207,165,5289,212,88,73,79,70,441,293,111,19,44,488,87,69,158,105,38,75,34,158,88,407,82,172,28,24,353,34,222,28,20,36,101,37,70,8,107,32,59,210,243,180,90,103,39,70,165,27,93,146,571,43,163,31,29,635,38,55,22,36,26,16,573,29,26,63,72,30,82,121,88,242,19,92,121,454,57,117,195,22,92,54,157,134,87,243,10,39,23,234,50,42,13,38,19,53,13,193,198,35,53,225,24,441,24,11,8,49,38,525,20,37,76,529,176,108,153,200,20,181,143,106,124,429,20,26,152,45
Yone,200,82,198,72,55,113,46,116,47,131,140,104,76,77,170,19,121,16,26,82,49,123,20,82,75,212,2623,51,25,45,54,174,162,38,7,7,185,49,49,144,41,18,32,20,69,34,279,58,73,17,13,161,12,59,19,9,14,39,13,17,2,92,12,29,50,213,117,53,26,32,54,130,6,61,19,427,24,92,23,5,314,14,49,2,14,17,12,430,4,6,16,11,19,17,28,51,95,15,48,27,293,23,47,109,19,12,71,89,15,54,76,5,23,10,128,30,36,18,53,7,10,9,69,162,30,22,160,5,251,10,6,3,20,24,241,11,25,55,243,78,51,84,67,17,122,92,48,31,224,11,24,46,28
Mordekaiser,9,19,114,7,4,6,5,4,1,32,21,3,31,4,27,0,48,12,1,8,1,7,3,29,4,88,51,576,6,1,4,26,9,6,0,7,43,14,3,28,4,2,6,1,2,4,70,10,23,1,1,21,6,13,2,4,6,24,18,31,0,29,6,5,25,53,37,16,17,6,8,22,3,20,21,130,3,23,6,3,20,0,16,9,5,2,1,80,7,1,9,10,1,10,13,14,41,2,4,16,24,11,15,6,3,14,16,22,13,10,45,0,9,4,23,4,5,1,7,2,2,2,27,36,3,13,22,4,12,2,1,4,6,2,45,3,2,7,65,26,11,9,21,3,10,12,11,10,40,4,6,14,6
Ryze,38,21,113,7,12,22,9,31,12,41,18,25,27,10,22,8,49,2,3,20,18,19,6,27,29,73,25,6,577,6,1,13,8,3,5,2,54,16,9,27,12,8,12,4,15,6,72,8,29,2,3,30,1,14,2,4,2,7,7,5,0,12,3,4,5,45,29,9,3,5,6,22,1,21,5,115,3,29,3,4,25,3,10,2,4,1,0,83,1,0,5,8,2,1,4,13,40,3,7,3,22,2,21,4,1,4,16,14,7,6,38,0,12,6,30,5,8,3,9,4,3,2,33,43,2,3,24,1,29,0,0,2,7,10,55,0,3,1,47,24,10,8,48,5,8,19,9,11,43,3,6,15,3
Gangplank,11,9,94,10,1,4,2,2,0,49,65,7,24,6,59,2,44,14,1,13,3,7,0,33,1,79,45,1,6,795,7,66,27,9,0,6,75,14,4,53,5,0,14,1,3,15,87,9,34,0,4,40,8,53,0,2,3,18,11,12,0,21,2,9,42,58,21,16,18,11,11,41,6,23,54,157,9,28,7,3,74,0,10,5,4,4,2,127,3,7,12,17,1,23,31,15,34,0,10,10,46,9,26,39,9,15,22,30,34,21,48,3,7,1,41,4,11,3,9,7,16,1,39,55,5,8,50,4,58,4,1,3,4,7,72,7,7,5,85,33,7,15,42,4,13,19,14,16,68,5,6,18,6
Kayle,23,29,98,17,10,13,13,19,10,28,29,11,32,4,34,3,71,11,11,6,7,19,9,44,6,70,54,4,1,7,785,40,9,10,2,5,48,32,11,55,7,5,12,7,21,9,111,15,26,2,3,34,9,22,4,3,3,22,7,36,3,34,5,7,33,53,61,15,15,10,15,32,11,27,18,136,3,17,13,3,26,3,17,7,1,5,3,102,2,3,19,18,10,16,15,21,69,2,11,13,13,12,31,14,8,12,28,31,9,15,55,3,6,6,40,18,12,6,21,2,11,5,43,48,15,16,40,9,23,10,1,5,13,10,64,4,8,15,51,25,12,24,36,9,12,35,14,11,42,13,8,27,2
Ekko,408,187,342,51,64,201,77,231,102,237,108,162,115,62,138,20,163,28,42,208,76,139,43,121,144,441,174,26,13,66,40,3233,94,29,28,20,288,59,90,178,58,22,57,25,163,28,393,56,114,16,19,189,11,80,23,11,9,83,64,92,6,132,16,26,45,269,139,38,31,39,25,106,16,97,31,568,6,130,13,14,77,14,80,3,17,16,7,562,7,10,21,100,32,25,32,100,140,23,26,51,47,23,59,31,17,22,97,68,39,42,136,6,20,9,129,22,29,14,42,21,13,13,88,196,45,34,182,14,61,6,7,12,31,21,324,12,19,18,355,113,72,23,138,29,16,102,51,45,245,19,32,66,39
Gragas,164,96,276,42,12,81,15,86,33,114,97,42,59,29,145,9,108,12,12,91,21,53,12,69,40,293,162,9,8,27,9,94,1853,22,3,18,129,20,18,61,26,9,6,20,31,20,146,30,95,6,7,99,10,87,7,5,4,162,34,46,1,44,10,15,65,190,33,27,47,25,11,50,8,30,79,334,4,83,6,16,88,3,40,2,9,10,2,416,3,6,16,51,5,38,72,38,74,4,20,54,140,2,45,30,8,26,31,18,78,21,69,6,17,8,69,8,17,5,18,4,24,2,134,192,7,6,53,7,100,3,3,1,10,8,146,7,9,10,152,41,31,9,85,10,20,21,22,22,125,7,20,16,19
Rumble,67,40,137,4,16,45,16,26,26,56,38,28,23,15,35,11,71,9,9,36,21,21,2,28,23,111,38,6,3,9,10,29,22,869,4,3,70,37,10,56,20,6,16,2,19,7,105,7,34,5,3,38,3,35,3,3,5,21,17,22,4,29,7,8,21,66,26,19,6,14,5,31,1,24,16,208,16,32,7,4,37,7,13,5,4,7,3,117,3,1,8,23,3,11,28,13,52,4,11,8,24,8,27,12,5,11,25,25,18,10,65,1,9,7,38,3,10,1,17,1,12,6,48,56,6,13,41,5,26,4,2,2,4,6,85,2,6,3,72,26,18,8,62,2,16,20,32,13,57,1,3,11,7
Gnar,2,3,28,3,1,3,0,1,2,13,16,1,12,0,14,0,9,3,0,1,0,6,1,12,2,19,7,0,5,0,2,28,3,4,212,2,13,2,0,14,0,0,8,0,0,9,20,0,7,1,1,9,5,12,0,3,2,7,1,8,0,3,3,4,6,10,12,4,2,1,4,11,3,5,8,51,1,9,2,1,16,1,5,1,4,0,0,36,2,0,7,6,0,7,2,4,12,0,3,4,6,2,7,5,5,7,4,9,9,7,13,0,0,2,7,2,1,0,3,3,3,0,15,13,4,5,10,0,9,2,0,3,3,1,19,2,3,4,19,5,5,5,9,2,8,7,4,3,10,1,3,4,0
Ahri,58,23,92,10,10,31,14,23,9,31,8,15,29,13,9,5,37,2,12,14,14,24,5,19,28,44,7,7,2,6,5,20,18,3,2,493,36,17,10,32,5,3,12,1,24,4,56,8,23,2,2,25,1,3,2,3,2,2,2,2,1,18,1,5,2,34,23,11,0,5,7,17,3,17,1,102,4,14,4,0,22,1,15,3,9,2,8,68,0,1,3,2,6,1,1,22,27,4,4,2,17,3,15,15,2,0,11,15,0,6,33,0,3,4,11,6,3,2,16,1,0,0,41,29,6,7,27,0,12,2,1,2,7,8,38,0,2,5,42,15,11,13,33,7,8,20,12,7,30,7,5,11,5
Pantheon,367,170,414,103,74,204,61,177,92,166,310,145,93,109,321,18,215,34,39,200,84,178,21,60,131,488,185,43,54,75,48,288,129,70,13,36,3580,80,49,184,47,37,22,31,134,70,330,57,122,20,9,99,43,189,13,9,20,67,53,49,3,103,40,30,176,267,42,44,92,44,34,70,15,75,182,742,21,122,15,29,291,17,76,6,35,18,12,705,9,28,52,74,21,97,129,77,142,13,52,100,338,21,107,111,20,74,90,86,152,41,166,7,32,20,43,8,7,11,46,15,63,5,168,226,13,18,69,8,276,7,9,13,10,20,103,12,22,38,112,49,45,74,173,13,103,24,23,16,89,7,23,21,24
Rengar,70,49,41,32,12,27,23,22,17,49,81,43,56,26,97,7,14,21,6,23,21,42,15,36,41,87,49,14,16,14,32,59,20,37,2,17,80,1030,22,73,8,6,13,6,47,19,124,31,8,5,8,46,9,60,4,6,9,19,17,20,3,42,15,18,32,75,55,10,40,10,6,49,0,33,68,160,2,35,3,10,32,4,28,2,12,2,3,144,7,11,37,13,8,27,46,30,28,7,20,38,26,3,9,49,15,24,34,20,43,28,19,3,0,1,35,10,16,5,16,2,14,3,11,63,13,18,72,15,23,2,2,1,8,4,82,8,4,5,89,45,31,11,19,5,11,38,15,11,61,6,7,29,13
Darius,5,15,119,15,10,7,0,2,3,29,47,2,42,1,46,1,48,11,2,4,3,13,2,38,0,69,49,3,9,4,11,90,18,10,0,10,49,22,846,52,4,2,14,1,3,18,105,29,27,1,5,40,15,29,0,4,4,32,13,19,0,49,9,19,37,55,52,24,34,4,19,35,11,21,33,147,9,18,2,10,54,3,26,2,6,2,1,140,6,5,30,13,4,21,27,26,47,0,22,22,45,5,29,34,7,25,32,31,22,16,33,3,12,5,36,8,18,8,17,2,18,3,38,33,13,20,47,6,43,2,5,2,10,7,68,6,13,11,82,26,30,33,40,6,18,26,12,14,57,7,7,17,5
Ashe,234,138,318,61,59,133,71,90,63,138,185,85,173,52,197,28,156,31,35,87,55,116,27,79,111,158,144,28,27,53,55,178,61,56,14,32,184,73,52,2159,39,24,70,22,91,63,37,17,67,23,19,98,20,81,20,14,22,54,31,60,6,16,27,41,97,60,93,33,72,4,43,123,12,27,84,31,23,7,9,18,156,16,11,6,16,3,11,27,15,10,57,61,19,53,92,3,123,11,26,52,103,20,73,56,31,61,7,87,63,39,111,5,18,11,55,28,34,2,14,16,37,8,98,3,30,39,102,7,129,9,9,0,26,19,137,12,16,36,183,68,48,53,123,0,51,25,29,48,78,25,3,36,12
Poppy,37,19,93,19,8,16,5,21,4,45,44,20,16,13,66,2,34,8,1,25,9,10,3,25,16,105,41,4,12,5,7,58,26,20,0,5,47,8,4,39,748,2,11,2,8,19,89,14,24,0,5,41,5,39,1,2,2,25,14,5,0,23,6,11,29,62,31,17,13,5,12,23,3,18,47,134,6,32,2,6,45,3,13,3,5,4,1,139,5,4,22,18,0,20,35,17,32,0,9,25,32,3,18,14,4,25,21,22,27,8,42,1,10,2,33,1,4,3,12,3,21,2,27,44,4,13,33,4,47,0,5,2,0,4,65,2,4,9,72,28,13,13,33,3,21,22,12,12,40,4,5,12,3
Kled,4,4,51,7,0,8,0,6,4,15,22,8,9,4,24,3,23,11,0,1,4,6,0,23,3,38,18,2,8,0,5,22,9,6,0,3,37,6,2,24,2,379,3,0,4,8,40,10,9,1,0,25,5,14,2,2,2,9,6,11,1,12,8,8,12,27,10,7,13,2,3,18,1,7,17,64,1,15,2,1,36,2,9,4,1,6,1,58,3,2,6,4,0,10,17,12,20,1,8,10,20,4,11,17,2,7,10,15,16,10,20,0,5,0,15,5,1,4,4,1,8,1,22,24,4,7,28,3,22,3,1,2,1,5,36,2,3,9,35,16,11,7,15,2,5,8,3,4,29,3,6,6,6
Karma,83,33,112,21,6,32,13,34,19,28,62,36,15,18,50,9,49,5,13,20,16,37,10,11,27,75,32,6,12,14,12,57,6,16,8,12,22,13,14,70,11,3,673,8,41,11,155,1,25,4,1,8,4,29,6,7,7,24,12,15,0,31,1,3,28,43,4,7,25,2,12,10,8,11,25,141,8,20,6,2,46,8,5,2,5,3,4,54,4,6,11,12,6,21,16,28,42,3,15,11,18,9,18,22,5,19,17,24,26,9,32,3,2,3,4,1,2,7,9,7,14,4,36,15,1,7,7,2,34,1,1,2,6,4,9,4,4,13,7,0,2,14,51,1,15,3,2,1,3,0,1,1,1
Quinn,3,12,45,5,2,6,2,5,2,30,30,8,9,0,45,0,24,4,2,5,1,3,0,18,4,34,20,1,4,1,7,25,20,2,0,1,31,6,1,22,2,0,8,363,3,6,42,6,13,1,3,18,6,26,0,2,1,5,3,6,0,13,2,1,18,34,17,7,10,2,8,12,3,10,14,47,1,8,1,4,27,0,5,4,3,2,1,65,4,2,5,7,0,8,9,9,13,0,4,7,35,4,10,12,2,6,9,18,8,3,33,2,2,2,13,3,3,1,4,0,12,2,19,23,4,6,16,0,20,1,1,1,7,1,25,1,1,0,29,14,15,8,16,3,9,13,9,4,34,0,3,4,3
Jax,19,24,234,31,9,14,5,13,6,108,109,21,64,8,91,1,103,27,2,15,8,10,4,60,5,158,69,2,15,3,21,163,31,19,0,24,134,47,3,91,8,4,41,3,1647,34,223,23,38,1,13,76,16,98,6,6,3,47,25,26,0,49,13,23,84,114,68,24,58,10,32,61,9,46,102,312,11,74,7,7,144,1,24,8,10,11,10,245,11,13,39,37,2,43,64,53,75,0,24,33,71,12,43,57,14,46,53,48,72,27,87,4,12,15,91,13,20,6,19,8,32,1,94,103,16,25,102,3,118,7,3,6,17,7,168,11,11,23,155,65,42,32,85,16,46,34,28,22,109,20,23,25,8
Cassiopeia,89,39,157,8,18,38,24,35,18,77,25,37,40,8,32,10,80,6,12,26,18,35,7,35,35,88,34,4,6,15,9,28,20,7,9,4,70,19,18,63,19,8,11,6,34,882,100,10,39,9,8,42,2,19,5,3,0,20,9,19,4,27,4,5,9,63,39,15,14,12,15,38,7,26,6,141,6,36,7,1,47,7,16,4,5,4,7,100,2,2,2,13,8,7,7,22,66,3,11,12,15,8,54,15,2,6,25,30,13,10,55,0,12,4,47,9,5,4,17,7,9,3,45,45,19,10,44,1,36,3,0,1,7,4,90,3,4,10,72,31,15,11,60,11,14,37,11,11,65,3,7,19,3
Ezreal,569,243,723,138,83,301,127,229,136,324,394,224,151,116,474,46,365,65,55,253,143,253,48,212,202,407,279,70,72,87,111,393,146,105,20,56,330,124,105,37,89,40,155,42,223,100,4699,33,191,24,40,262,46,233,34,22,32,109,79,108,14,22,54,64,212,6,236,124,154,14,73,242,23,67,226,8,48,0,28,38,364,33,19,23,24,6,26,17,20,35,109,128,43,120,171,3,279,27,42,98,206,38,132,122,37,132,4,136,189,61,274,19,55,28,243,51,57,1,18,37,91,13,221,5,91,76,473,27,299,16,16,0,34,46,369,9,29,65,241,91,98,122,247,0,110,296,69,80,255,26,3,85,35
Swain,64,47,88,20,10,30,25,41,23,43,38,24,21,8,52,7,54,16,10,39,13,35,11,23,33,82,58,10,8,9,15,56,30,7,0,8,57,31,29,17,14,10,1,6,23,10,33,668,30,2,4,38,6,24,7,5,8,30,8,30,1,17,6,3,14,21,9,9,25,3,13,20,7,9,17,81,6,6,8,5,29,6,12,4,5,5,2,56,0,2,13,11,11,12,16,10,51,6,9,16,27,8,25,14,2,15,19,23,11,5,42,1,3,3,11,3,6,6,10,6,7,2,24,20,6,7,15,2,22,4,0,2,10,5,42,2,5,6,30,16,10,19,47,1,11,9,3,5,36,4,6,12,5
Olaf,186,64,18,55,21,76,17,89,41,125,146,81,61,60,221,7,9,24,18,78,33,85,12,67,41,172,73,23,29,34,26,114,95,34,7,23,122,8,27,67,24,9,25,13,38,39,191,30,1599,4,3,120,21,113,5,4,11,23,12,17,1,49,15,18,124,151,43,12,68,16,5,63,0,40,83,256,3,62,3,18,13,10,37,1,14,16,3,364,3,16,32,17,9,44,86,32,8,8,1,60,18,3,2,8,5,32,30,10,93,15,8,5,5,0,77,13,21,5,20,1,42,0,2,95,11,14,77,7,7,1,1,4,16,3,173,10,0,4,169,57,36,4,5,17,4,44,27,17,119,6,14,35,9
Teemo,2,11,26,3,2,3,1,3,2,5,7,2,14,0,9,0,24,3,0,1,1,3,2,8,1,28,17,1,2,0,2,16,6,5,1,2,20,5,1,23,0,1,4,1,1,9,24,2,4,218,1,4,3,6,0,1,1,8,6,11,0,9,2,9,5,16,13,3,10,1,4,16,3,7,3,34,3,5,2,1,12,3,6,1,1,1,3,21,1,1,5,5,1,2,3,8,25,0,8,4,6,2,8,4,3,7,7,6,8,8,13,0,5,1,7,1,3,0,4,2,3,0,9,13,4,3,10,2,5,0,0,3,2,0,19,1,4,1,16,7,9,3,8,1,5,13,6,3,9,0,2,7,3
Tahm Kench,38,7,42,5,4,18,3,18,7,10,32,10,4,9,26,3,17,1,3,24,5,9,2,5,9,24,13,1,3,4,3,19,7,3,1,2,9,8,5,19,5,0,1,3,13,8,40,4,3,1,263,1,3,12,2,0,0,6,7,3,0,7,3,2,15,17,1,2,4,3,4,8,1,35,15,75,2,18,0,1,20,4,0,0,3,5,1,11,2,0,2,8,1,9,9,5,13,1,1,5,17,2,7,12,2,10,0,4,9,1,17,0,1,1,0,0,0,1,0,4,7,1,16,6,2,2,1,0,22,0,1,1,1,0,3,0,0,1,3,0,1,2,24,2,6,2,1,0,2,0,0,0,0
Maokai,258,110,415,67,25,145,25,145,53,80,166,108,35,66,241,17,163,27,24,155,55,84,18,29,71,353,161,21,30,40,34,189,99,38,9,25,99,46,40,98,41,25,8,18,76,42,262,38,120,4,1,2415,14,123,19,11,20,63,33,50,5,90,23,15,142,226,20,29,58,25,32,32,14,59,105,458,10,80,11,16,166,16,58,5,16,18,4,508,9,16,51,71,15,47,114,36,128,8,26,55,158,21,85,63,15,51,44,69,112,8,132,6,19,17,28,7,7,10,21,15,52,4,154,171,9,15,28,6,124,6,4,6,15,16,48,10,15,22,35,17,13,38,159,11,43,11,10,7,42,1,18,11,2
Diana,49,13,63,7,10,21,9,19,17,25,14,20,28,8,15,7,34,4,5,16,10,16,5,28,19,34,12,6,1,8,9,11,10,3,5,1,43,9,15,20,5,5,4,6,16,2,46,6,21,3,3,14,449,9,4,6,2,16,3,4,0,26,2,4,3,43,27,13,4,4,11,11,9,19,2,73,1,11,3,0,21,5,9,2,2,1,1,73,0,0,1,4,8,2,0,14,26,5,1,3,17,4,17,7,2,5,24,22,1,11,30,0,8,5,14,5,8,4,8,2,0,1,29,25,3,5,20,0,7,4,0,3,5,1,33,0,4,7,36,15,15,10,17,4,8,13,7,6,27,5,6,14,4
Galio,493,72,438,43,36,115,26,136,65,175,88,90,76,59,133,20,195,16,24,114,48,107,13,66,86,222,59,13,14,53,22,80,87,35,12,3,189,60,29,81,39,14,29,26,98,19,233,24,113,6,12,123,9,2278,10,11,6,33,7,14,5,74,7,7,40,197,44,27,13,31,15,54,11,46,25,406,10,123,12,5,120,11,43,4,8,12,4,484,2,3,7,22,10,14,30,46,140,3,22,14,114,12,84,46,6,12,46,35,32,17,141,2,20,15,101,8,23,3,20,8,12,3,146,176,10,11,84,2,116,6,2,7,14,10,194,6,14,18,200,57,45,27,188,10,48,40,30,31,138,7,17,20,8
Garen,8,10,36,9,1,8,1,2,2,11,20,2,13,6,12,0,17,5,2,6,1,4,0,17,2,28,19,2,2,0,4,23,7,3,0,2,13,4,0,20,1,2,6,0,6,5,34,7,5,0,2,19,4,10,287,3,5,4,6,12,0,10,1,12,11,22,22,5,12,1,8,14,6,10,11,40,3,7,1,1,20,2,12,4,4,0,2,37,1,2,3,1,2,6,4,6,13,1,7,7,11,4,5,18,4,8,14,9,1,7,15,2,7,1,8,3,3,1,9,1,1,1,11,19,6,9,22,4,6,3,2,1,3,3,25,5,3,6,18,8,6,8,7,1,5,12,8,3,12,3,2,9,1
Warwick,20,8,10,4,1,4,11,4,0,10,17,4,6,5,11,2,5,3,4,3,6,7,2,11,3,20,9,4,4,2,3,11,5,3,3,3,9,6,4,14,2,2,7,2,6,3,22,5,4,1,0,11,6,11,3,198,1,8,4,5,1,7,1,6,7,16,13,2,13,1,5,5,1,5,12,28,2,8,0,2,1,1,4,1,0,2,2,30,2,1,5,1,4,3,5,9,1,3,2,5,5,1,1,2,4,8,11,6,5,5,7,2,0,0,8,3,0,2,3,0,4,0,1,14,3,4,10,2,4,1,0,0,2,1,13,1,0,0,15,9,8,1,5,2,1,14,4,2,6,5,2,3,1
Cho'Gath,14,9,52,4,4,8,6,5,9,8,16,5,20,1,22,2,23,3,0,5,1,5,5,10,8,36,14,6,2,3,3,9,4,5,2,2,20,9,4,22,2,2,7,1,3,0,32,8,11,1,0,20,2,6,5,1,315,10,5,18,1,22,1,8,15,26,11,10,8,6,7,13,3,7,9,59,1,7,2,0,9,0,8,3,3,4,0,51,3,1,7,5,4,15,6,4,31,1,2,2,16,3,9,7,1,7,18,14,6,10,11,0,0,5,7,4,7,1,9,3,2,1,13,11,4,9,14,3,7,2,1,0,4,2,26,2,0,4,35,13,6,4,9,3,4,9,5,2,16,3,3,9,1
Yasuo,107,39,129,34,16,40,20,53,39,67,70,55,51,30,94,7,79,15,15,34,39,100,12,47,43,101,39,24,7,18,22,83,162,21,7,2,67,19,32,54,25,9,24,5,47,20,109,30,23,8,6,63,16,33,4,8,10,1254,4,15,2,42,7,13,30,82,49,13,14,7,25,50,13,29,31,144,7,29,6,6,110,10,16,7,13,2,5,153,1,2,13,7,10,15,26,29,50,7,34,16,88,10,27,46,6,12,42,56,15,21,57,4,15,3,69,15,15,5,12,3,8,1,46,46,16,15,45,5,72,2,2,2,11,10,102,7,25,25,100,60,20,37,55,4,38,33,19,14,135,10,9,35,9
Talon,65,19,31,13,15,43,14,28,11,48,25,22,20,20,37,5,24,4,6,29,21,26,5,19,26,37,13,18,7,11,7,64,34,17,1,2,53,17,13,31,14,6,12,3,25,9,79,8,12,6,7,33,3,7,6,4,5,4,674,2,3,23,5,7,5,52,43,15,6,5,12,32,1,17,5,129,7,18,3,1,89,7,20,2,6,2,3,101,1,1,2,1,1,1,5,26,21,3,9,5,41,8,6,42,8,3,17,18,3,13,15,0,4,2,33,5,4,1,17,2,0,3,15,45,12,13,37,4,73,1,0,2,9,11,79,3,4,15,55,28,20,28,11,8,40,19,10,6,44,4,3,7,4
Zed,92,20,68,27,22,50,18,44,28,47,48,41,45,30,54,3,49,13,16,22,27,51,17,30,42,70,17,31,5,12,36,92,46,22,8,2,49,20,19,60,5,11,15,6,26,19,108,30,17,11,3,50,4,14,12,5,18,15,2,1040,8,50,10,22,11,74,46,27,7,7,16,37,11,45,0,155,10,26,13,3,117,13,27,5,11,9,5,165,1,0,7,3,8,3,11,32,41,8,6,7,85,20,15,68,4,5,40,40,2,28,39,0,8,3,36,8,9,6,22,4,0,2,21,52,19,15,55,6,67,7,0,3,9,6,94,10,6,25,106,38,38,52,20,9,47,44,18,14,60,10,7,21,16
Yorick,0,0,9,3,1,1,1,0,0,1,4,1,4,0,6,0,9,1,0,0,0,0,0,7,0,8,2,0,0,0,3,6,1,4,0,1,3,3,0,6,0,1,0,0,0,4,14,1,1,0,0,5,0,5,0,1,1,2,3,8,94,3,3,3,2,5,6,5,2,1,5,4,1,1,1,13,1,7,0,0,6,0,5,2,0,1,1,13,1,1,3,2,0,4,2,4,6,0,0,2,2,6,1,2,0,2,2,6,5,2,3,2,3,0,3,2,2,1,0,1,1,0,3,10,2,4,3,2,2,0,1,0,2,1,5,1,0,2,15,4,1,6,3,0,1,7,1,0,3,0,1,2,1
Vayne,128,79,196,47,21,75,28,86,43,96,102,58,168,38,146,9,101,21,20,58,38,70,18,69,49,107,92,29,12,21,34,132,44,29,3,18,103,42,49,16,23,12,31,13,49,27,22,17,49,9,7,90,26,74,10,7,22,42,23,50,3,1480,7,25,55,17,86,35,40,6,28,42,19,20,64,39,4,10,10,15,93,18,6,8,8,2,8,53,17,7,33,33,18,30,39,3,89,16,23,42,83,24,38,26,17,53,7,69,52,22,96,7,15,15,62,12,27,0,11,8,23,10,64,18,23,20,66,6,66,5,5,1,14,10,119,7,9,28,120,39,26,49,69,1,40,57,27,28,87,6,2,47,15
Neeko,36,16,65,5,6,25,10,13,11,17,16,18,18,3,25,3,35,2,8,17,10,17,5,19,9,32,12,6,3,2,5,16,10,7,3,1,40,15,9,27,6,8,1,2,13,4,54,6,15,2,3,23,2,7,1,1,1,7,5,10,3,7,397,6,7,25,15,11,3,4,4,16,0,14,5,68,2,14,6,3,33,2,5,1,2,2,4,62,0,0,3,3,2,5,9,10,32,3,7,3,6,3,19,5,2,1,11,4,3,6,21,0,0,2,14,6,6,1,5,3,1,1,23,23,4,5,12,1,14,5,0,2,2,3,33,1,3,9,30,11,4,5,30,4,8,6,13,6,25,4,4,8,1
Xerath,50,30,90,3,15,27,25,36,22,24,21,24,17,9,41,9,38,2,9,21,16,28,7,19,19,59,29,5,4,9,7,26,15,8,4,5,30,18,19,41,11,8,3,1,23,5,64,3,18,9,2,15,4,7,12,6,8,13,7,22,3,25,6,559,14,49,20,8,9,4,9,14,10,16,6,118,2,9,5,1,28,4,12,1,3,3,3,71,2,3,4,13,8,7,4,9,52,5,4,10,25,6,13,9,4,7,16,17,7,5,33,1,6,2,10,4,6,4,12,4,3,3,25,30,4,4,14,1,30,2,1,2,3,8,30,3,4,6,31,12,8,12,27,5,14,10,5,5,18,4,6,15,4
Viktor,213,73,348,19,49,100,42,122,63,166,57,110,65,54,91,11,170,6,29,105,48,90,10,63,72,210,50,25,5,42,33,45,65,21,6,2,176,32,37,97,29,12,28,18,84,9,212,14,124,5,15,142,3,40,11,7,15,30,5,11,2,55,7,14,1956,179,71,33,10,17,18,44,11,41,3,363,20,72,20,4,89,16,34,4,0,14,10,363,1,1,3,13,9,3,10,31,165,4,24,4,48,21,79,15,5,6,38,46,11,20,175,0,25,12,98,11,17,5,20,9,3,10,81,133,16,13,81,3,56,5,0,9,9,12,207,1,16,10,202,77,36,23,149,9,27,44,28,36,165,6,13,49,16
Miss Fortune,382,203,438,85,75,192,66,206,92,241,236,140,95,87,327,29,235,40,49,194,81,203,30,107,123,243,213,53,45,58,53,269,190,66,10,34,267,75,55,60,62,27,43,34,114,63,6,21,151,16,17,226,43,197,22,16,26,82,52,74,5,17,25,49,179,3209,114,64,105,10,55,170,23,22,174,9,16,3,23,23,265,17,12,12,8,0,9,10,23,20,64,73,23,76,130,1,176,21,45,113,242,31,74,78,18,91,7,120,128,46,171,7,40,13,133,34,45,1,18,12,61,9,161,4,25,37,156,9,193,12,7,0,17,27,367,6,14,34,287,119,74,56,162,2,59,74,59,50,228,19,1,44,31
Janna,155,85,194,47,48,81,54,66,52,36,123,62,18,33,141,17,120,18,36,63,46,72,21,15,71,180,117,37,29,21,61,139,33,26,12,23,42,55,52,93,31,10,4,17,68,39,236,9,43,13,1,20,27,44,22,13,11,49,43,46,6,86,15,20,71,114,1591,22,54,9,24,20,9,24,66,281,14,49,16,14,119,10,26,11,12,11,12,205,5,11,57,42,22,41,50,61,130,13,18,36,52,15,36,63,12,45,105,73,51,7,102,5,20,10,1,0,6,10,28,12,37,4,71,61,1,14,0,7,81,10,6,7,0,21,3,11,6,20,3,3,7,52,74,14,33,0,0,0,0,0,19,0,0
Shaco,67,34,45,28,12,45,15,49,21,40,45,25,23,15,78,6,29,14,8,32,25,39,13,19,27,90,53,16,9,16,15,38,27,19,4,11,44,10,24,33,17,7,7,7,24,15,124,9,12,3,2,29,13,27,5,2,10,13,15,27,5,35,11,8,33,64,22,757,34,9,11,18,9,11,33,170,4,22,8,6,27,8,14,2,8,2,1,101,7,4,17,19,9,30,18,14,23,12,3,15,34,4,16,15,5,25,28,9,22,9,23,1,11,1,23,2,5,4,10,3,18,4,32,39,4,8,26,3,17,3,0,2,3,3,40,5,2,2,35,13,5,12,24,6,7,15,11,4,24,6,11,11,5
Katarina,113,57,184,20,19,63,28,61,36,56,37,50,43,29,28,7,99,7,22,38,29,49,10,50,53,103,26,17,3,18,15,31,47,6,2,0,92,40,34,72,13,13,25,10,58,14,154,25,68,10,4,58,4,13,12,13,8,14,6,7,2,40,3,9,10,105,54,34,1181,11,18,50,9,31,2,211,8,44,7,1,56,15,15,9,9,9,6,178,0,4,2,6,8,2,6,34,74,8,23,9,50,6,46,27,7,2,24,48,2,16,63,1,22,12,56,10,18,6,23,4,0,5,64,61,9,15,60,1,30,6,1,3,17,12,97,2,6,11,106,42,36,34,53,12,21,46,17,21,71,8,12,44,13
Kalista,43,27,58,17,10,23,6,21,13,47,23,21,27,10,47,4,28,5,4,28,8,16,6,19,21,39,32,6,5,11,10,39,25,14,1,5,44,10,4,4,5,2,2,2,10,12,14,3,16,1,3,25,4,31,1,1,6,7,5,7,1,6,4,4,17,10,9,9,11,447,10,6,1,2,28,13,1,3,2,4,41,4,3,1,1,0,2,15,5,2,9,7,0,12,10,1,18,0,6,8,25,9,16,11,4,9,1,11,18,2,21,0,5,3,16,0,1,0,3,2,6,1,23,5,1,2,9,1,26,4,0,0,36,3,44,2,2,7,87,21,3,10,27,1,15,3,19,3,35,2,1,5,3
Zac,50,43,21,19,9,25,14,19,14,43,40,11,21,11,36,6,13,8,3,27,6,12,4,22,22,70,54,8,6,11,15,25,11,5,4,7,34,6,19,43,12,3,12,8,32,15,73,13,5,4,4,32,11,15,8,5,7,25,12,16,5,28,4,9,18,55,24,11,18,10,565,25,2,27,23,97,1,17,3,8,18,1,7,1,4,0,0,94,3,4,13,11,5,13,16,16,8,2,2,7,11,1,4,4,8,11,14,2,28,12,15,0,3,1,19,6,7,3,11,4,3,2,13,37,6,5,25,4,8,2,0,1,7,2,42,2,0,23,40,14,12,4,12,3,4,16,10,2,39,2,4,10,3
Seraphine,172,96,252,35,43,93,43,77,46,71,95,66,35,28,152,20,117,15,17,68,55,72,17,31,64,165,130,22,22,41,32,106,50,31,11,17,70,49,35,123,23,18,10,12,61,38,242,20,63,16,8,32,11,54,14,5,13,50,32,37,4,42,16,14,44,170,20,18,50,6,25,1578,6,39,64,266,17,44,11,16,83,17,15,16,15,9,9,158,3,15,34,25,10,38,58,39,112,9,19,33,65,17,54,30,9,32,37,65,39,5,82,7,12,13,30,20,9,5,18,9,23,1,96,44,9,23,28,8,68,7,1,5,8,16,31,12,8,17,28,17,5,39,93,9,47,11,9,6,25,2,10,13,3
Master Yi,17,11,0,10,4,10,7,10,7,6,18,11,28,6,20,3,0,7,4,3,6,21,3,9,13,27,6,3,1,6,11,16,8,1,3,3,15,0,11,12,3,1,8,3,9,7,23,7,0,3,1,14,9,11,6,1,3,13,1,11,1,19,0,10,11,23,9,9,9,1,2,6,274,9,15,56,0,5,4,0,6,6,6,0,1,1,1,37,3,0,6,1,4,8,8,10,2,3,0,4,2,2,1,4,6,12,9,4,6,8,4,1,0,0,12,1,10,1,6,0,4,1,2,17,12,5,15,2,5,1,0,0,37,1,12,3,0,0,21,7,8,1,2,2,2,19,10,4,7,1,3,12,4
Senna,147,72,164,34,34,74,45,46,42,82,106,51,33,27,109,5,83,18,21,55,28,52,9,39,47,93,61,20,21,23,27,97,30,24,5,17,75,33,21,27,18,7,11,10,46,26,67,9,40,7,35,59,19,46,10,5,7,29,17,45,1,20,14,16,41,22,24,11,31,2,27,39,9,1139,63,79,12,5,3,15,90,11,10,4,13,5,9,40,8,8,35,36,6,21,51,12,63,6,14,16,37,10,26,47,7,30,12,32,57,18,53,6,11,10,47,7,13,0,10,7,24,6,59,9,13,11,38,6,85,8,0,3,10,5,82,3,8,15,46,23,15,33,63,4,28,8,10,19,60,6,2,7,5
Orianna,216,61,350,18,36,118,45,118,52,162,53,102,77,53,67,13,172,7,21,81,49,98,15,70,89,146,19,21,5,54,18,31,79,16,8,1,182,68,33,84,47,17,25,14,102,6,226,17,83,3,15,105,2,25,11,12,9,31,5,0,1,64,5,6,3,174,66,33,2,28,23,64,15,63,1884,381,11,95,8,0,104,7,24,15,5,9,8,309,1,5,4,5,9,0,4,57,108,5,13,4,54,5,76,19,4,0,39,36,0,13,127,0,23,23,98,10,22,7,27,9,0,5,130,116,15,12,96,4,68,8,0,4,20,17,195,4,11,13,204,81,37,25,138,13,20,53,36,17,140,7,21,25,8
Jhin,863,378,1089,211,168,470,156,412,227,620,623,378,207,231,772,71,501,120,102,414,220,390,70,280,312,571,427,130,115,157,136,568,334,208,51,102,742,160,147,31,134,64,141,47,312,141,8,81,256,34,75,458,73,406,40,28,59,144,129,155,13,39,68,118,363,9,281,170,211,13,97,266,56,79,381,7347,60,5,51,53,616,54,20,35,43,3,26,8,40,61,172,178,52,189,301,1,413,23,86,172,385,71,211,168,43,197,4,222,324,132,427,22,70,49,279,59,99,1,37,43,158,22,418,3,77,103,406,17,477,28,16,1,65,65,790,17,49,82,709,233,160,148,435,0,185,126,132,59,577,53,1,105,53
Shyvana,30,21,2,5,6,20,13,15,14,16,24,17,9,8,19,4,0,5,4,10,8,14,6,16,12,43,24,3,3,9,3,6,4,16,1,4,21,2,9,23,6,1,8,1,11,6,48,6,3,3,2,10,1,10,3,2,1,7,7,10,1,4,2,2,20,16,14,4,8,1,1,17,0,12,11,60,286,9,0,1,0,2,4,0,1,1,0,34,2,3,9,6,5,8,10,12,1,1,0,7,1,0,0,2,1,3,7,1,4,3,2,1,0,1,14,2,5,2,8,3,1,0,1,22,5,4,21,0,0,0,2,1,3,1,27,1,0,1,22,17,4,0,2,1,1,9,7,2,15,4,2,2,2
Aphelios,191,87,286,52,30,124,28,91,36,134,128,85,137,59,185,12,94,13,16,106,53,62,12,34,62,163,92,23,29,28,17,130,83,32,9,14,122,35,18,7,32,15,20,8,74,36,0,6,62,5,18,80,11,123,7,8,7,29,18,26,7,10,14,9,72,3,49,22,44,3,17,44,5,5,95,5,9,1616,5,10,155,10,8,5,12,0,7,2,5,6,29,35,12,46,59,0,70,2,12,33,76,13,42,52,6,34,1,26,77,17,99,3,23,19,55,7,17,0,0,11,31,5,93,3,20,9,53,1,118,6,3,0,22,7,132,3,8,20,467,36,34,24,92,1,52,21,23,36,95,4,0,21,6
Skarner,16,8,7,9,6,10,10,9,5,14,12,8,11,3,19,2,7,3,3,12,8,11,2,10,12,31,23,6,3,7,13,13,6,7,2,4,15,3,2,9,2,2,6,1,7,7,28,8,3,2,0,11,3,12,1,0,2,6,3,13,0,10,6,5,20,23,16,8,7,2,3,11,4,3,8,51,0,5,247,3,3,1,7,0,5,3,0,34,3,0,6,3,0,9,6,7,1,1,2,3,2,1,2,5,0,12,10,2,5,4,3,0,1,0,11,1,6,0,6,3,5,0,2,16,5,3,10,1,2,1,1,0,0,0,21,0,3,0,28,9,2,1,2,3,0,10,3,2,11,0,4,10,2
Azir,41,11,52,4,12,13,10,27,10,30,10,13,8,5,7,2,33,2,4,14,5,17,5,12,14,29,5,3,4,3,3,14,16,4,1,0,29,10,10,18,6,1,2,4,7,1,38,5,18,1,1,16,0,5,1,2,0,6,1,3,0,15,3,1,4,23,14,6,1,4,8,16,0,15,0,53,1,10,3,323,10,2,5,1,2,3,2,55,0,0,0,2,1,0,1,11,20,4,7,5,7,0,17,1,2,2,8,11,0,4,22,0,6,1,11,1,1,0,0,0,0,2,20,23,5,2,12,0,14,4,0,1,7,2,30,0,4,1,28,9,7,4,25,3,1,7,8,3,24,2,3,8,3
Lillia,387,252,22,56,58,262,73,226,103,328,188,120,96,61,199,31,15,26,43,257,71,141,32,138,135,635,314,20,25,74,26,77,88,37,16,22,291,32,54,156,45,36,46,27,144,47,364,29,13,12,20,166,21,120,20,1,9,110,89,117,6,93,33,28,89,265,119,27,56,41,18,83,6,90,104,616,0,155,3,10,3005,9,75,2,21,22,2,499,13,10,42,161,19,52,52,76,8,8,2,44,13,2,4,12,11,44,70,7,42,27,9,8,4,2,156,16,23,10,48,19,20,3,5,218,27,30,174,3,2,1,9,7,30,4,316,14,0,3,298,125,62,3,14,18,2,62,41,52,268,8,30,32,30
Singed,7,4,45,3,3,5,2,6,3,15,14,5,13,1,14,1,26,3,2,6,2,11,1,15,2,38,14,0,3,0,3,14,3,7,1,1,17,4,3,16,3,2,8,0,1,7,33,6,10,3,4,16,5,11,2,1,0,10,7,13,0,18,2,4,16,17,10,8,15,4,1,17,6,11,7,54,2,10,1,2,9,298,5,1,2,1,2,46,4,2,1,5,1,11,7,10,25,2,4,2,7,5,13,5,6,2,14,17,7,3,28,0,1,3,9,0,3,1,0,3,5,0,12,16,2,5,14,3,11,0,0,0,5,2,37,1,2,2,33,11,3,4,19,4,7,14,5,3,10,4,3,6,2
Tristana,95,37,93,31,22,47,18,41,25,53,53,34,31,16,72,6,51,13,6,33,16,47,12,33,27,55,49,16,10,10,17,80,40,13,5,15,76,28,26,11,13,9,5,5,24,16,19,12,37,6,0,58,9,43,12,4,8,16,20,27,5,6,5,12,34,12,26,14,15,3,7,15,6,10,24,20,4,8,7,5,75,5,786,2,4,3,3,23,2,3,13,10,10,18,25,4,32,5,16,14,51,11,21,26,5,18,8,19,23,11,41,2,6,2,44,4,3,1,4,4,11,2,32,13,9,10,23,1,43,7,4,0,10,7,80,7,1,10,72,26,21,20,27,3,25,23,13,10,69,4,1,29,16
Vi,20,8,2,8,3,10,5,10,4,10,10,6,10,3,16,1,0,6,1,2,1,9,3,12,9,22,2,9,2,5,7,3,2,5,1,3,6,2,2,6,3,4,2,4,8,4,23,4,1,1,0,5,2,4,4,1,3,7,2,5,2,8,1,1,4,12,11,2,9,1,1,16,0,4,15,35,0,5,0,1,2,1,2,174,3,1,0,25,1,2,6,3,5,5,5,6,0,2,0,10,1,0,0,3,2,4,7,0,4,3,1,1,1,1,9,4,1,1,7,2,4,0,0,8,2,7,8,2,1,0,0,0,2,0,15,1,0,0,12,8,4,1,0,1,0,6,4,1,7,1,2,6,1
Heimerdinger,32,17,55,4,5,16,12,16,5,13,10,11,16,6,19,4,30,4,10,15,5,10,1,15,11,36,14,5,4,4,1,17,9,4,4,9,35,12,6,16,5,1,5,3,10,5,24,5,14,1,3,16,2,8,4,0,3,13,6,11,0,8,2,3,0,8,12,8,9,1,4,15,1,13,5,43,1,12,5,2,21,2,4,3,326,3,0,23,1,0,6,10,1,6,6,5,22,1,2,4,11,5,14,11,1,11,14,4,1,5,13,0,3,2,9,5,1,0,5,3,4,1,24,12,3,6,17,1,14,2,0,0,2,1,29,0,2,3,30,10,14,3,21,2,4,9,2,6,21,4,2,7,1
Varus,29,16,36,8,5,7,8,18,5,18,22,9,10,6,21,2,17,1,3,15,4,7,3,12,10,26,17,2,1,4,5,16,10,7,0,2,18,2,2,3,4,6,3,2,11,4,6,5,16,1,5,18,1,12,0,2,4,2,2,9,1,2,2,3,14,0,11,2,9,0,0,9,1,5,9,3,1,0,3,3,22,1,3,1,3,241,1,8,1,3,3,6,3,8,7,1,18,2,2,4,23,1,3,5,3,3,2,3,7,4,14,0,4,0,8,3,3,0,5,2,3,1,5,1,0,1,15,1,16,0,0,0,1,3,16,1,2,3,35,4,8,8,12,1,4,4,6,4,14,3,0,3,1
Dr. Mundo,13,9,7,6,0,6,5,9,2,11,12,7,4,2,15,1,2,3,4,6,3,1,1,10,2,16,12,1,0,2,3,7,2,3,0,8,12,3,1,11,1,1,4,1,10,7,26,2,3,3,1,4,1,4,2,2,0,5,3,5,1,8,4,3,10,9,12,1,6,2,0,9,1,9,8,26,0,7,0,2,2,2,3,0,0,1,168,17,1,0,6,1,3,1,7,4,4,1,0,0,3,1,0,1,3,8,3,4,4,9,4,2,3,0,13,3,3,2,3,0,13,0,3,12,3,6,12,1,2,0,0,1,1,1,7,1,0,0,17,6,3,4,0,2,1,3,4,1,12,2,0,6,1
Kai'Sa,813,391,1008,206,131,426,138,479,180,718,538,316,256,195,732,59,482,94,79,441,153,383,60,275,243,573,430,80,83,127,102,562,416,117,36,68,705,144,140,27,139,58,54,65,245,100,17,56,364,21,11,508,73,484,37,30,51,153,101,165,13,53,62,71,363,10,205,101,178,15,94,158,37,40,309,8,34,2,34,55,499,46,23,25,23,8,17,6695,24,54,115,184,41,170,249,1,368,29,92,161,420,48,221,119,26,145,9,184,281,43,400,22,51,33,293,24,42,0,21,47,121,10,348,5,52,56,220,15,380,18,11,0,48,49,855,16,61,65,626,343,115,99,417,0,160,84,149,60,669,23,1,101,65
Malzahar,23,7,23,1,4,11,5,8,7,16,3,12,13,3,5,1,19,1,3,7,5,14,3,12,9,29,4,7,1,3,2,7,3,3,2,0,9,7,6,15,5,3,4,4,11,2,20,0,3,1,2,9,0,2,1,2,3,1,1,1,1,17,0,2,1,23,5,7,0,5,3,3,3,8,1,40,2,5,3,0,13,4,2,1,1,1,1,24,212,0,1,3,1,0,0,4,18,1,2,1,7,9,7,3,1,1,5,6,0,3,21,0,2,2,9,1,1,3,5,1,1,1,6,13,5,3,11,3,9,0,0,0,4,4,16,0,3,0,19,5,4,5,11,1,4,8,4,3,12,1,3,4,3
Lissandra,30,13,39,4,2,15,13,10,9,17,3,11,13,4,13,3,20,3,6,9,4,10,4,7,16,26,6,1,0,7,3,10,6,1,0,1,28,11,5,10,4,2,6,2,13,2,35,2,16,1,0,16,0,3,2,1,1,2,1,0,1,7,0,3,1,20,11,4,4,2,4,15,0,8,5,61,3,6,0,0,10,2,3,2,0,3,0,54,0,271,0,0,1,1,1,4,24,2,3,3,14,2,6,6,0,0,9,5,1,3,21,0,9,0,10,2,2,0,3,1,0,0,18,14,6,6,14,0,16,2,0,0,2,5,25,1,0,2,15,14,2,4,21,5,2,9,2,3,16,5,4,3,4
Kassadin,101,44,139,5,16,34,27,32,22,58,14,45,41,12,28,16,66,6,11,24,27,45,11,27,35,63,16,9,5,12,19,21,16,8,7,3,52,37,30,57,22,6,11,5,39,2,109,13,32,5,2,51,1,7,3,5,7,13,2,7,3,33,3,4,3,64,57,17,2,9,13,34,6,35,4,172,9,29,6,0,42,1,13,6,6,3,6,115,1,0,855,2,5,2,0,21,66,3,8,3,24,5,24,20,2,0,33,35,1,12,65,0,10,5,33,11,11,4,16,5,1,3,47,50,13,10,44,2,34,4,0,4,15,10,76,2,8,10,85,31,21,15,49,6,16,34,10,13,54,3,11,22,12
Qiyana,87,43,38,41,18,61,18,47,16,73,40,45,46,47,63,4,22,10,9,40,27,55,4,34,36,72,11,10,8,17,18,100,51,23,6,2,74,13,13,61,18,4,12,7,37,13,128,11,17,5,8,71,4,22,1,1,5,7,1,3,2,33,3,13,13,73,42,19,6,7,11,25,1,36,5,178,6,35,3,2,161,5,10,3,10,6,1,184,3,0,2,990,4,3,12,26,17,3,6,6,101,11,11,63,4,4,37,23,3,15,20,0,6,3,43,7,8,3,14,1,4,1,18,48,7,5,56,0,127,3,0,0,10,5,113,1,1,18,90,32,19,28,12,7,64,25,10,6,88,8,7,11,6
Nasus,7,9,33,7,5,4,2,2,2,4,19,3,16,2,18,0,20,2,2,4,1,7,5,17,6,30,19,1,2,1,10,32,5,3,0,6,21,8,4,19,0,0,6,0,2,8,43,11,9,1,1,15,8,10,2,4,4,10,1,8,0,18,2,8,9,23,22,9,8,0,5,10,4,6,9,52,5,12,0,1,19,1,10,5,1,3,3,41,1,1,5,4,317,5,6,11,17,2,4,6,18,3,8,6,9,9,18,16,4,7,14,2,3,1,13,5,4,0,7,1,6,2,16,14,5,12,13,2,14,2,0,0,2,1,16,1,4,7,27,12,13,7,18,6,8,22,5,3,13,3,5,10,2
Twisted Fate,123,39,191,12,30,64,18,58,34,91,31,44,41,24,27,10,85,5,14,57,20,40,10,41,50,82,17,10,1,23,16,25,38,11,7,1,97,27,21,53,20,10,21,8,43,7,120,12,44,2,9,47,2,14,6,3,15,15,1,3,4,30,5,7,3,76,41,30,2,12,13,38,8,21,0,189,8,46,9,0,52,11,18,5,6,8,1,170,0,1,2,3,5,1035,2,31,68,5,14,2,44,9,24,14,2,0,35,26,0,15,44,2,7,7,45,11,8,4,25,7,1,2,67,64,8,18,58,5,82,3,0,3,8,8,96,1,2,6,97,38,19,15,69,6,18,26,19,16,71,4,13,27,5
Syndra,171,72,334,12,38,86,30,87,45,129,46,69,61,32,74,8,121,6,17,96,46,61,15,55,68,121,28,13,4,31,15,32,72,28,2,1,129,46,27,92,35,17,16,9,64,7,171,16,86,3,9,114,0,30,4,5,6,26,5,11,2,39,9,4,10,130,50,18,6,10,16,58,8,51,4,301,10,59,6,1,52,7,25,5,6,7,7,249,0,1,0,12,6,2,1523,42,108,6,16,2,36,11,70,15,8,1,22,32,0,9,102,1,17,9,74,18,4,5,9,4,0,5,104,116,16,12,80,4,65,5,0,6,14,12,165,2,4,10,126,64,31,18,114,6,17,32,22,23,118,8,11,26,10
Caitlyn,112,45,140,35,18,49,28,63,37,52,84,39,52,26,89,11,67,18,20,53,28,43,10,34,57,88,51,14,13,15,21,100,38,13,4,22,77,30,26,3,17,12,28,9,53,22,3,10,32,8,5,36,14,46,6,9,4,29,26,32,4,3,10,9,31,1,61,14,34,1,16,39,10,12,57,1,12,0,7,11,76,10,4,6,5,1,4,1,4,4,21,26,11,31,42,1030,59,3,18,23,67,4,23,30,6,31,0,25,42,9,48,3,13,11,22,6,11,0,2,6,19,9,54,1,9,59,147,5,75,4,0,0,5,7,51,4,3,12,109,23,149,23,59,0,25,15,10,20,31,4,0,16,5
Kha'Zix,224,112,7,101,31,84,52,88,63,154,194,140,82,72,272,18,8,29,37,86,65,148,25,73,111,242,95,41,40,34,69,140,74,52,12,27,142,28,47,123,32,20,42,13,75,66,279,51,8,25,13,128,26,140,13,1,31,50,21,41,6,89,32,52,165,176,130,23,74,18,8,112,2,63,108,413,1,70,1,20,8,25,32,0,22,18,4,368,18,24,66,17,17,68,108,59,2266,14,7,46,23,2,1,24,19,70,78,8,97,43,4,11,3,0,106,26,39,15,44,1,46,2,3,135,26,38,107,15,0,0,8,7,21,7,207,16,2,5,223,82,54,0,5,17,0,90,48,35,143,18,20,52,17
Illaoi,3,3,23,4,1,0,0,1,2,3,10,3,5,0,8,1,15,3,0,1,0,1,1,8,0,19,15,2,3,0,2,23,4,4,0,4,13,7,0,11,0,1,3,0,0,3,27,6,8,0,1,8,5,3,1,3,1,7,3,8,0,16,3,5,4,21,13,12,8,0,2,9,3,6,5,23,1,2,1,4,8,2,5,2,1,2,1,29,1,2,3,3,2,5,6,3,14,197,1,5,10,1,4,5,5,7,6,21,6,6,8,3,0,0,2,2,3,1,3,1,3,3,6,10,6,3,11,0,7,1,2,0,2,1,9,1,1,2,19,7,6,10,3,0,6,12,9,3,8,4,3,10,2
Ivern,64,42,7,16,8,34,21,17,15,30,31,25,25,8,45,2,3,9,5,19,8,25,11,21,31,92,48,4,7,10,11,26,20,11,3,4,52,20,22,26,9,8,15,4,24,11,42,9,1,8,1,26,1,22,7,2,2,34,9,6,0,23,7,4,24,45,18,3,23,6,2,19,0,14,13,86,0,12,2,7,2,4,16,0,2,2,0,92,2,3,8,6,4,14,16,18,7,1,535,13,5,0,1,6,3,18,20,2,21,6,5,1,0,1,18,8,7,9,16,13,6,0,2,39,3,6,35,2,3,0,2,1,5,4,45,2,0,0,47,16,13,1,9,8,0,12,8,8,33,8,5,11,9
Anivia,118,46,162,7,15,71,23,69,58,80,25,48,35,19,40,12,84,8,13,43,30,45,9,35,42,121,27,16,3,10,13,51,54,8,4,2,100,38,22,52,25,10,11,7,33,12,98,16,60,4,5,55,3,14,7,5,2,16,5,7,2,42,3,10,4,113,36,15,9,8,7,33,4,16,4,172,7,33,3,5,44,2,14,10,4,4,0,161,1,3,3,6,6,2,2,23,46,5,13,1016,71,7,34,14,2,3,28,31,2,6,46,1,15,5,45,10,10,4,12,6,3,5,82,63,4,8,55,2,30,3,0,4,6,12,87,4,3,7,106,36,12,13,59,4,16,16,15,13,66,3,11,20,16
Taliyah,261,189,68,38,43,298,59,220,69,235,120,79,56,35,152,26,29,19,35,185,46,94,24,86,86,454,293,24,22,46,13,47,140,24,6,17,338,26,45,103,32,20,18,35,71,15,206,27,18,6,17,158,17,114,11,5,16,88,41,85,2,83,6,25,48,242,52,34,50,25,11,65,2,37,54,385,1,76,2,7,13,7,51,1,11,23,3,420,7,14,24,101,18,44,36,67,23,10,5,71,2312,3,18,16,9,22,41,13,41,13,30,5,8,7,87,16,23,5,27,8,24,3,26,159,5,26,106,0,6,3,4,5,21,7,253,5,3,7,223,86,47,7,26,8,7,36,39,40,261,4,29,42,32
Amumu,40,25,1,18,8,15,20,18,11,18,28,19,16,14,32,2,1,7,3,20,11,12,7,19,17,57,23,11,2,9,12,23,2,8,2,3,21,3,5,20,3,4,9,4,12,8,38,8,3,2,2,21,4,12,4,1,3,10,8,20,6,24,3,6,21,31,15,4,6,9,1,17,2,10,5,71,0,13,1,0,2,5,11,0,5,1,1,48,9,2,5,11,3,9,11,4,2,1,0,7,3,371,0,3,5,16,15,3,10,10,2,3,1,1,20,7,0,2,12,0,6,1,0,24,8,7,12,2,1,0,1,2,4,0,35,2,0,0,42,7,11,0,0,1,0,11,6,5,19,5,7,9,2
Rek'Sai,122,33,2,30,16,58,17,57,34,81,113,59,47,41,155,7,2,20,11,62,37,60,8,39,37,117,47,15,21,26,31,59,45,27,7,15,107,9,29,73,18,11,18,10,43,54,132,25,2,8,7,85,17,84,5,1,9,27,6,15,1,38,19,13,79,74,36,16,46,16,4,54,1,26,76,211,0,42,2,17,4,13,21,0,14,3,0,221,7,6,24,11,8,24,70,23,1,4,1,34,18,0,1166,4,13,32,39,7,50,19,1,2,0,0,53,7,5,5,19,3,39,0,1,83,12,22,52,8,1,1,6,4,19,0,106,10,1,1,114,44,30,0,3,4,1,23,18,23,100,10,9,21,8
Karthus,128,76,60,13,26,85,34,53,48,103,44,40,36,13,51,9,28,15,20,56,40,42,23,81,55,195,109,6,4,39,14,31,30,12,5,15,111,49,34,56,14,17,22,12,57,15,122,14,8,4,12,63,7,46,18,2,7,46,42,68,2,26,5,9,15,78,63,15,27,11,4,30,4,47,19,168,2,52,5,1,12,5,26,3,11,5,1,119,3,6,20,63,6,14,15,30,24,5,6,14,16,3,4,1108,6,17,24,10,17,17,18,0,4,0,55,7,9,4,10,21,12,2,26,60,9,9,60,1,14,1,3,2,18,1,134,0,2,4,105,46,20,4,31,7,6,26,16,10,68,4,11,17,5
Vel'Koz,29,14,49,4,6,16,10,13,5,11,16,12,11,1,13,2,21,4,4,11,11,25,2,4,15,22,19,3,1,9,8,17,8,5,5,2,20,15,7,31,4,2,5,2,14,2,37,2,5,3,2,15,2,6,4,4,1,6,8,4,0,17,2,4,5,18,12,5,7,4,8,9,6,7,4,43,1,6,0,2,11,6,5,2,1,3,3,26,1,0,2,4,9,2,8,6,19,5,3,2,9,5,13,6,298,3,10,10,6,1,17,1,3,3,16,3,3,1,5,1,1,6,14,18,3,3,10,1,17,1,0,0,1,4,13,0,3,4,22,6,6,4,24,1,6,2,3,2,10,0,1,2,1
Fizz,128,47,181,8,21,35,32,55,28,90,21,48,38,18,27,11,94,3,15,40,27,48,15,35,45,92,12,14,4,15,12,22,26,11,7,0,74,24,25,61,25,7,19,6,46,6,132,15,32,7,10,51,5,12,8,8,7,12,3,5,2,53,1,7,6,91,45,25,2,9,11,32,12,30,0,197,3,34,12,2,44,2,18,4,11,3,8,145,1,0,0,4,9,0,1,31,70,7,18,3,22,16,32,17,3,1013,34,36,2,18,68,0,14,4,46,11,16,3,25,5,1,4,61,54,13,15,55,2,26,3,0,3,10,11,97,2,4,10,75,28,28,18,70,5,23,39,19,20,58,7,7,23,11
Draven,95,58,133,35,17,54,48,48,24,52,89,54,45,29,91,13,80,21,17,17,26,68,16,55,36,54,71,16,16,22,28,97,31,25,4,11,90,34,32,7,21,10,17,9,53,25,4,19,30,7,0,44,24,46,14,11,18,42,17,40,2,7,11,16,38,7,105,28,24,1,14,37,9,12,39,4,7,1,10,8,70,14,8,7,14,2,3,9,5,9,33,37,18,35,22,0,78,6,20,28,41,15,39,24,10,34,1074,52,26,20,55,2,15,6,32,9,4,0,9,9,20,1,38,3,13,18,39,5,67,4,4,0,14,6,87,3,11,14,173,47,25,37,46,0,33,24,32,11,41,13,1,50,6
Nunu & Willump,137,77,30,39,15,61,39,55,46,82,69,44,57,19,103,14,15,22,15,55,15,45,11,62,57,157,89,22,14,30,31,68,18,25,9,15,86,20,31,87,22,15,24,18,48,30,136,23,10,6,4,69,22,35,9,6,14,56,18,40,6,69,4,17,46,120,73,9,48,11,2,65,4,32,36,222,1,26,2,11,7,17,19,0,4,3,4,184,6,5,35,23,16,26,32,25,8,21,2,31,13,3,7,10,10,36,52,1217,20,24,16,2,3,2,44,10,18,9,29,3,12,2,11,83,15,24,66,7,3,3,7,7,11,2,100,4,1,0,115,45,23,3,17,13,0,48,30,18,69,7,10,32,6
Zoe,162,56,346,17,30,100,24,93,34,129,41,78,50,37,67,18,142,5,24,103,38,90,18,55,66,134,15,13,7,34,9,39,78,18,9,0,152,43,22,63,27,16,26,8,72,13,189,11,93,8,9,112,1,32,1,5,6,15,3,2,5,52,3,7,11,128,51,22,2,18,28,39,6,57,0,324,4,77,5,0,42,7,23,4,1,7,4,281,0,1,1,3,4,0,0,42,97,6,21,2,41,10,50,17,6,2,26,20,1561,9,107,1,13,17,70,13,8,3,23,2,1,2,134,108,10,8,81,0,58,3,0,3,16,9,160,3,6,5,150,60,30,11,129,9,20,36,28,20,158,2,17,22,14
Brand,69,39,74,8,11,37,22,28,25,22,33,32,9,7,56,6,59,4,17,13,18,34,10,19,26,87,54,10,6,21,15,42,21,10,7,6,41,28,16,39,8,10,9,3,27,10,61,5,15,8,1,8,11,17,7,5,10,21,13,28,2,22,6,5,20,46,7,9,16,2,12,5,8,18,13,132,3,17,4,4,27,3,11,3,5,4,9,43,3,3,12,15,7,15,9,9,43,6,6,6,13,10,19,17,1,18,20,24,9,610,44,4,9,3,7,4,1,4,2,8,5,3,31,20,2,8,8,3,16,4,1,2,1,12,20,3,4,4,19,7,9,8,26,2,10,5,11,4,11,2,6,7,1
Kayn,243,89,14,96,32,78,52,131,52,174,192,101,79,76,272,17,11,39,24,105,65,147,14,73,76,243,76,45,38,48,55,136,69,65,13,33,166,19,33,111,42,20,32,33,87,55,274,42,8,13,17,132,30,141,15,7,11,57,15,39,3,96,21,33,175,171,102,23,63,21,15,82,4,53,127,427,2,99,3,22,9,28,41,1,13,14,4,400,21,21,65,20,14,44,102,48,4,8,5,46,30,2,1,18,17,68,55,16,107,44,2217,11,1,1,98,26,22,9,23,3,51,4,3,110,20,43,103,13,3,1,3,9,18,4,223,12,2,5,232,71,40,1,7,15,3,73,42,31,162,16,17,50,7
Aurelion Sol,10,8,21,1,3,6,3,8,3,6,3,8,6,4,1,4,10,2,5,4,4,8,2,5,6,10,5,0,0,3,3,6,6,1,0,0,7,3,3,5,1,0,3,2,4,0,19,1,5,0,0,6,0,2,2,2,0,4,0,0,2,7,0,1,0,7,5,1,1,0,0,7,1,6,0,22,1,3,0,0,8,0,2,1,0,0,2,22,0,0,0,0,2,2,1,3,11,3,1,1,5,3,2,0,1,0,2,2,1,4,11,128,3,0,11,0,3,0,0,0,0,2,5,3,2,1,6,0,3,0,0,1,1,1,12,0,0,1,12,4,6,4,9,1,3,5,2,1,9,0,3,0,0
Jarvan IV,35,23,7,16,2,21,10,21,10,18,33,13,26,17,52,5,0,8,4,9,10,17,5,15,19,39,23,9,12,7,6,20,17,9,0,3,32,0,12,18,10,5,2,2,12,12,55,3,5,5,1,19,8,20,7,0,0,15,4,8,3,15,0,6,25,40,20,11,22,5,3,12,0,11,23,70,0,23,1,6,4,1,6,1,3,4,3,51,2,9,10,6,3,7,17,13,3,0,0,15,8,1,0,4,3,14,15,3,13,9,1,3,407,1,21,4,4,7,7,3,11,2,2,27,7,5,22,5,2,0,1,0,1,2,36,5,0,1,31,22,7,0,3,2,0,10,5,4,22,6,7,7,2
Xin Zhao,32,8,1,9,3,17,6,13,15,20,25,8,15,9,29,4,1,2,4,7,7,6,2,10,11,23,10,4,6,1,6,9,8,7,2,4,20,1,5,11,2,0,3,2,15,4,28,3,0,1,1,17,5,15,1,0,5,3,2,3,0,15,2,2,12,13,10,1,12,3,1,13,0,10,23,49,1,19,0,1,2,3,2,1,2,0,0,33,2,0,5,3,1,7,9,11,0,0,1,5,7,1,0,0,3,4,6,2,17,3,1,0,1,248,11,0,1,2,8,1,5,0,2,16,3,6,13,1,1,0,2,1,3,1,28,0,1,0,19,10,5,1,0,0,0,7,4,3,19,1,2,4,1
Rakan,204,105,282,56,38,131,45,123,50,47,170,80,34,63,205,19,132,28,28,98,55,110,16,16,71,234,128,23,30,41,40,129,69,38,7,11,43,35,36,55,33,15,4,13,91,47,243,11,77,7,0,28,14,101,8,8,7,69,33,36,3,62,14,10,98,133,1,23,56,16,19,30,12,47,98,279,14,55,11,11,156,9,44,9,9,8,13,293,9,10,33,43,13,45,74,22,106,2,18,45,87,20,53,55,16,46,32,44,70,7,98,11,21,11,1852,0,3,5,90,13,32,5,91,149,3,4,5,6,105,6,4,5,3,16,1,8,15,18,1,2,1,31,113,8,46,0,0,0,2,0,123,0,0
Sona,36,20,52,10,5,17,17,14,13,13,23,14,4,8,22,3,20,7,8,13,13,21,5,1,15,50,30,4,5,4,18,22,8,3,2,6,8,10,8,28,1,5,1,3,13,9,51,3,13,1,0,7,5,8,3,3,4,15,5,8,2,12,6,4,11,34,0,2,10,0,6,20,1,7,10,59,2,7,1,1,16,0,4,4,5,3,3,24,1,2,11,7,5,11,18,6,26,2,8,10,16,7,7,7,3,11,9,10,13,4,26,0,4,0,0,340,0,3,4,4,6,0,17,10,0,11,0,3,12,0,1,3,2,3,0,3,3,6,0,1,3,16,18,4,6,0,0,1,1,0,3,0,0
Zilean,44,25,51,8,15,28,10,14,21,13,27,9,8,6,37,6,40,7,9,14,12,21,14,10,19,42,36,5,8,11,12,29,17,10,1,3,7,16,18,34,4,1,2,3,20,5,57,6,21,3,0,7,8,23,3,0,7,15,4,9,2,27,6,6,17,45,6,5,18,1,7,9,10,13,22,99,5,17,6,1,23,3,3,1,1,3,3,42,1,2,11,8,4,8,4,11,39,3,7,10,23,0,5,9,3,16,4,18,8,1,22,3,4,1,3,0,433,2,3,4,8,0,20,13,1,3,2,3,16,3,1,4,3,5,4,2,6,4,10,4,1,9,25,5,7,1,2,6,4,0,6,1,0
Kog'Maw,17,6,17,8,1,5,3,6,6,12,9,12,58,4,10,4,8,2,5,2,4,10,3,11,3,13,18,1,3,3,6,14,5,1,0,2,11,5,8,2,3,4,7,1,6,4,1,6,5,0,1,10,4,3,1,2,1,5,1,6,1,0,1,4,5,1,10,4,6,0,3,5,1,0,7,1,2,0,0,0,10,1,1,1,0,0,2,0,3,0,4,3,0,4,5,0,15,1,9,4,5,2,5,4,1,3,0,9,3,4,9,0,7,2,5,3,2,166,1,3,1,1,4,2,1,7,3,0,5,2,0,0,2,0,7,3,0,0,13,3,5,5,8,0,3,3,1,1,6,1,0,5,1
Twitch,55,34,71,26,25,32,23,26,29,24,40,22,84,10,62,9,42,15,8,24,22,27,10,21,31,38,53,7,9,9,21,42,18,17,3,16,46,16,17,14,12,4,9,4,19,17,18,10,20,4,0,21,8,20,9,3,9,12,17,22,0,11,5,12,20,18,28,10,23,3,11,18,6,10,27,37,8,0,6,0,48,0,4,7,5,5,3,21,5,3,16,14,7,25,9,2,44,3,16,12,27,12,19,10,5,25,9,29,23,2,23,0,7,8,90,4,3,1,626,0,10,3,28,7,0,13,15,4,29,3,1,2,19,1,17,2,7,8,27,5,10,19,18,2,14,51,3,5,19,3,2,18,4
Nocturne,21,11,8,12,4,14,9,7,5,17,18,17,9,9,19,3,3,9,2,7,4,4,2,12,11,19,7,2,4,7,2,21,4,1,3,1,15,2,2,16,3,1,7,0,8,7,37,6,1,2,4,15,2,8,1,0,3,3,2,4,1,8,3,4,9,12,12,3,4,2,4,9,0,7,9,43,3,11,3,0,19,3,4,2,3,2,0,47,1,1,5,1,1,7,4,6,1,1,13,6,8,0,3,21,1,5,9,3,2,8,3,0,3,1,13,4,4,3,0,251,1,0,3,17,3,6,8,0,18,1,1,3,2,0,28,2,0,7,22,5,6,1,2,2,4,4,4,2,21,2,1,6,0
LeBlanc,89,13,148,7,16,48,14,55,15,56,12,48,27,17,22,6,57,4,11,36,20,31,9,30,31,53,10,2,3,16,11,13,24,12,3,0,63,14,18,37,21,8,14,12,32,9,91,7,42,3,7,52,0,12,1,4,2,8,0,0,1,23,1,3,3,61,37,18,0,6,3,23,4,24,0,158,1,31,5,0,20,5,11,4,4,3,13,121,1,0,1,4,6,1,0,19,46,3,6,3,24,6,39,12,1,1,20,12,1,5,51,0,11,5,32,6,8,1,10,1,739,0,66,64,8,8,35,0,33,1,0,1,2,11,69,2,2,5,72,20,14,7,47,6,11,15,19,11,56,6,6,13,1
Trundle,10,6,4,3,3,5,1,3,2,6,10,2,5,2,9,1,0,0,1,4,4,9,1,2,3,13,9,2,2,1,5,13,2,6,0,0,5,3,3,8,2,1,4,2,1,3,13,2,0,0,1,4,1,3,1,0,1,1,3,2,0,10,1,3,10,9,4,4,5,1,2,1,1,6,5,22,0,5,0,2,3,0,2,0,1,1,0,10,1,0,3,1,2,2,5,9,2,3,0,5,3,1,0,2,6,4,1,2,2,3,4,2,2,0,5,0,0,1,3,0,0,112,1,2,1,1,6,0,0,0,0,0,1,2,5,0,0,1,4,4,4,1,0,2,2,6,0,1,6,0,0,3,0
Lee Sin,218,77,5,68,33,102,40,105,44,134,199,68,77,89,253,9,3,33,28,95,55,86,16,73,76,193,69,27,33,39,43,88,134,48,15,41,168,11,38,98,27,22,36,19,94,45,221,24,2,9,16,154,29,146,11,1,13,46,15,21,3,64,23,25,81,161,71,32,64,23,13,96,2,59,130,418,1,93,2,20,5,12,32,0,24,5,3,348,6,18,47,18,16,67,104,54,3,6,2,82,26,0,1,26,14,61,38,11,134,31,3,5,2,2,91,17,20,4,28,3,66,1,2009,154,22,31,115,12,1,2,3,9,13,3,217,12,2,4,189,80,50,2,3,13,1,38,35,21,139,10,16,28,12
Samira,278,125,357,77,49,182,48,193,54,210,249,125,78,82,243,20,177,45,51,154,80,126,25,79,128,198,162,36,43,55,48,196,192,56,13,29,226,63,33,3,44,24,15,23,103,45,5,20,95,13,6,171,25,176,19,14,11,46,45,52,10,18,23,30,133,4,61,39,61,5,37,44,17,9,116,3,22,3,16,23,218,16,13,8,12,1,12,5,13,14,50,48,14,64,116,1,135,10,39,63,159,24,83,60,18,54,3,83,108,20,110,3,27,16,149,10,13,2,7,17,64,2,154,2563,9,28,50,8,164,6,9,0,36,17,421,5,23,34,186,192,39,41,125,0,65,43,47,22,378,4,0,14,34
Soraka,40,25,64,21,9,25,20,18,16,17,35,19,7,10,36,5,26,4,11,10,11,19,5,9,22,35,30,3,2,5,15,45,7,6,4,6,13,13,13,30,4,4,1,4,16,19,91,6,11,4,2,9,3,10,6,3,4,16,12,19,2,23,4,4,16,25,1,4,9,1,6,9,12,13,15,77,5,20,5,5,27,2,9,2,3,0,3,52,5,6,13,7,5,8,16,9,26,6,3,4,5,8,12,9,3,13,13,15,10,2,20,2,7,3,3,0,1,1,0,3,8,1,22,9,427,2,2,3,25,3,2,2,2,7,1,2,5,4,3,2,2,12,25,4,8,0,0,0,0,0,4,1,0
Lux,52,30,83,6,20,30,27,21,20,24,30,25,15,12,28,7,48,8,6,15,14,23,7,12,27,53,22,13,3,8,16,34,6,13,5,7,18,18,20,39,13,7,7,6,25,10,76,7,14,3,2,15,5,11,9,4,9,15,13,15,4,20,5,4,13,37,14,8,15,2,5,23,5,11,12,103,4,9,3,2,30,5,10,7,6,1,6,56,3,6,10,5,12,18,12,59,38,3,6,8,26,7,22,9,3,15,18,24,8,8,43,1,5,6,4,11,3,7,13,6,8,1,31,28,2,557,9,3,27,6,1,0,4,6,18,0,2,3,13,13,6,14,22,2,10,5,1,1,10,2,3,7,0
Bard,205,123,300,55,47,121,45,105,58,50,162,78,42,53,197,16,162,26,34,97,52,101,18,16,104,225,160,22,24,50,40,182,53,41,10,27,69,72,47,102,33,28,7,16,102,44,473,15,77,10,1,28,20,84,22,10,14,45,37,55,3,66,12,14,81,156,0,26,60,9,25,28,15,38,96,406,21,53,10,12,174,14,23,8,17,15,12,220,11,14,44,56,13,58,80,147,107,11,35,55,106,12,52,60,10,55,39,66,81,8,103,6,22,13,5,0,2,3,15,8,35,6,115,50,2,9,2020,11,105,6,5,9,3,20,0,15,12,21,0,4,4,47,102,14,50,0,0,0,1,0,11,0,0
Veigar,12,8,31,3,3,5,8,11,5,6,5,11,6,4,12,1,14,0,4,5,4,8,3,8,16,24,5,4,1,4,9,14,7,5,0,0,8,15,6,7,4,3,2,0,3,1,27,2,7,2,0,6,0,2,4,2,3,5,4,6,2,6,1,1,3,9,7,3,1,1,4,8,2,6,4,17,0,1,1,0,3,3,1,2,1,1,1,15,3,0,2,0,2,5,4,5,15,0,2,2,0,2,8,1,1,2,5,7,0,3,13,0,5,1,6,3,3,0,4,0,0,0,12,8,3,3,11,184,2,2,0,0,2,1,18,1,1,2,15,5,5,3,6,1,4,9,6,3,11,1,1,5,2
Nidalee,347,161,8,40,37,328,63,153,61,240,130,109,77,42,156,27,6,39,17,190,55,96,23,106,93,441,251,12,29,58,23,61,100,26,9,12,276,23,43,129,47,22,34,20,118,36,299,22,7,5,22,124,7,116,6,4,7,72,73,67,2,66,14,30,56,193,81,17,30,26,8,68,5,85,68,477,0,118,2,14,2,11,43,1,14,16,2,380,9,16,34,127,14,82,65,75,0,7,3,30,6,1,1,14,17,26,67,3,58,16,3,3,2,1,105,12,16,5,29,18,33,0,1,164,25,27,105,2,2345,2,6,7,20,1,280,5,0,2,253,87,48,1,2,10,2,38,46,28,210,12,15,30,19
Rammus,11,8,5,6,3,6,8,7,5,4,14,7,3,2,9,2,1,3,3,7,1,3,5,7,2,24,10,2,0,4,10,6,3,4,2,2,7,2,2,9,0,3,1,1,7,3,16,4,1,0,0,6,4,6,3,1,2,2,1,7,0,5,5,2,5,12,10,3,6,4,2,7,1,8,8,28,0,6,1,4,1,0,7,0,2,0,0,18,0,2,4,3,2,3,5,4,0,1,0,3,3,0,1,1,1,3,4,3,3,4,1,0,0,0,6,0,3,2,3,1,1,0,2,6,3,6,6,2,2,147,0,1,1,0,8,0,0,1,13,4,1,0,1,1,1,9,3,2,7,3,3,3,0
Corki,11,3,12,1,2,8,3,3,3,4,1,6,0,1,5,0,11,1,3,6,4,2,2,3,4,11,6,1,0,1,1,7,3,2,0,1,9,2,5,9,5,1,1,1,3,0,16,0,1,0,1,4,0,2,2,0,1,2,0,0,1,5,0,1,0,7,6,0,1,0,0,1,0,0,0,16,2,3,1,0,9,0,4,0,0,0,0,11,0,0,0,0,0,0,0,0,8,2,2,0,4,1,6,3,0,0,4,7,0,1,3,0,1,2,4,1,1,0,1,1,0,0,3,9,2,1,5,0,6,0,102,0,1,1,9,0,2,0,9,4,3,3,4,1,4,5,2,4,8,1,0,3,1
Sivir,14,10,12,1,1,8,4,7,2,3,10,5,14,6,9,4,10,3,1,2,4,7,4,5,4,8,3,4,2,3,5,12,1,2,3,2,13,1,2,0,2,2,2,1,6,1,0,2,4,3,1,6,3,7,1,0,0,2,2,3,0,1,2,2,9,0,7,2,3,0,1,5,0,3,4,1,1,0,0,1,7,0,0,0,0,0,1,0,0,0,4,0,0,3,6,0,7,0,1,4,5,2,4,2,0,3,0,7,3,2,9,1,0,1,5,3,4,0,2,3,1,0,9,0,2,0,9,0,7,1,0,119,2,1,2,0,1,2,11,4,2,2,7,0,0,7,1,0,7,3,0,4,1
Taric,51,22,68,16,8,26,5,19,9,21,45,18,21,10,44,6,24,6,7,24,16,23,0,9,26,49,20,6,7,4,13,31,10,4,3,7,10,8,10,26,0,1,6,7,17,7,34,10,16,2,1,15,5,14,3,2,4,11,9,9,2,14,2,3,9,17,0,3,17,36,7,8,37,10,20,65,3,22,0,7,30,5,10,2,2,1,1,48,4,2,15,10,2,8,14,5,21,2,5,6,21,4,19,18,1,10,14,11,16,1,18,1,1,3,3,2,3,2,19,2,2,1,13,36,2,4,3,2,20,1,1,2,436,1,6,3,4,7,6,0,2,5,41,4,10,4,0,0,5,1,6,3,0
Udyr,32,14,10,4,6,11,7,12,8,16,20,16,13,5,43,5,6,7,3,9,8,9,2,14,9,38,24,2,10,7,10,21,8,6,1,8,20,4,7,19,4,5,4,1,7,4,46,5,3,0,0,16,1,10,3,1,2,10,11,6,1,10,3,8,12,27,21,3,12,3,2,16,1,5,17,65,1,7,0,2,4,2,7,0,1,3,1,49,4,5,10,5,1,8,12,7,7,1,4,12,7,0,0,1,4,11,6,2,9,12,4,1,2,1,16,3,5,0,1,0,11,2,3,17,7,6,20,1,1,0,1,1,1,318,26,2,0,1,21,15,7,2,3,3,2,11,6,6,20,1,4,12,2
Leona,459,233,622,102,90,261,84,261,126,133,368,170,69,127,471,30,283,37,55,257,99,210,36,27,158,525,241,45,55,72,64,324,146,85,19,38,103,82,68,137,65,36,9,25,168,90,369,42,173,19,3,48,33,194,25,13,26,102,79,94,5,119,33,30,207,367,3,40,97,44,42,31,12,82,195,790,27,132,21,30,316,37,80,15,29,16,7,855,16,25,76,113,16,96,165,51,207,9,45,87,253,35,106,134,13,97,87,100,160,20,223,12,36,28,1,0,4,7,17,28,69,5,217,421,1,18,0,18,280,8,9,2,6,26,3988,18,38,43,0,1,10,63,242,20,101,1,0,0,0,2,19,0,0
Ziggs,29,13,33,3,3,9,9,9,10,10,9,14,12,1,6,4,16,2,5,5,5,8,2,6,14,20,11,3,0,7,4,12,7,2,2,0,12,8,6,12,2,2,4,1,11,3,9,2,10,1,0,10,0,6,5,1,2,7,3,10,1,7,1,3,1,6,11,5,2,2,2,12,3,3,4,17,1,3,0,0,14,1,7,1,0,1,1,16,0,1,2,1,1,1,2,4,16,1,2,4,5,2,10,0,0,2,3,4,3,3,12,0,5,0,8,3,2,3,2,2,2,0,12,5,2,0,15,1,5,0,0,0,3,2,18,200,2,4,19,5,5,2,7,0,4,5,4,1,10,1,1,3,1
Sejuani,59,37,0,10,4,17,4,15,10,17,32,8,7,3,25,1,1,9,2,15,3,9,5,15,13,37,25,2,3,7,8,19,9,6,3,2,22,4,13,16,4,3,4,1,11,4,29,5,0,4,0,15,4,14,3,0,0,25,4,6,0,9,3,4,16,14,6,2,6,2,0,8,0,8,11,49,0,8,3,4,0,2,1,0,2,2,0,61,3,0,8,1,4,2,4,3,2,1,0,3,3,0,1,2,3,4,11,1,6,4,2,0,0,1,15,3,6,0,7,0,2,0,2,23,5,2,12,1,0,0,2,1,4,0,38,2,285,0,19,8,8,0,1,1,0,9,6,5,18,4,2,8,3
Fiddlesticks,55,43,9,9,5,29,19,25,13,32,27,21,20,3,26,1,4,5,9,30,12,19,8,31,30,76,55,7,1,5,15,18,10,3,4,5,38,5,11,36,9,9,13,0,23,10,65,6,4,1,1,22,7,18,6,0,4,25,15,25,2,28,9,6,10,34,20,2,11,7,23,17,0,15,13,82,1,20,0,1,3,2,10,0,3,3,0,65,0,2,10,18,7,6,10,12,5,2,0,7,7,0,1,4,4,10,14,0,5,4,5,1,1,0,18,6,4,0,8,7,5,1,4,34,4,3,21,2,2,1,0,2,7,1,43,4,0,474,34,13,11,2,4,5,0,17,12,4,40,2,4,10,2
Thresh,418,179,556,107,65,236,89,235,99,126,323,140,62,102,422,34,238,42,43,217,107,198,42,19,149,529,243,65,47,85,51,355,152,72,19,42,112,89,82,183,72,35,7,29,155,72,241,30,169,16,3,35,36,200,18,15,35,100,55,106,15,120,30,31,202,287,3,35,106,87,40,28,21,46,204,709,22,467,28,28,298,33,72,12,30,35,17,626,19,15,85,90,27,97,126,109,223,19,47,106,223,42,114,105,22,75,173,115,150,19,232,12,31,19,1,0,10,13,27,22,72,4,189,186,3,13,0,15,253,13,9,11,6,21,0,19,19,34,3788,2,10,63,232,50,94,0,0,0,0,0,31,0,0
Nautilus,149,86,223,45,29,83,41,74,35,36,100,58,18,42,147,16,91,17,21,56,42,68,20,9,61,176,78,26,24,33,25,113,41,26,5,15,49,45,26,68,28,16,0,14,65,31,91,16,57,7,0,17,15,57,8,9,13,60,28,38,4,39,11,12,77,119,3,13,42,21,14,17,7,23,81,233,17,36,9,9,125,11,26,8,10,4,6,343,5,14,31,32,12,38,64,23,82,7,16,36,86,7,44,46,6,28,47,45,60,7,71,4,22,10,2,1,4,3,5,5,20,4,80,192,2,13,4,5,87,4,4,4,0,15,1,5,8,13,2,1418,3,24,63,6,29,1,1,0,2,0,8,1,1
Morgana,105,52,137,37,15,42,29,55,27,25,77,52,14,14,92,11,87,12,9,42,27,48,6,11,38,108,51,11,10,7,12,72,31,18,5,11,45,31,30,48,13,11,2,15,42,15,98,10,36,9,1,13,15,45,6,8,6,20,20,38,1,26,4,8,36,74,7,5,36,3,12,5,8,15,37,160,4,34,2,7,62,3,21,4,14,8,3,115,4,2,21,19,13,19,31,149,54,6,13,12,47,11,30,20,6,28,25,23,30,9,40,6,7,5,1,3,1,5,10,6,14,4,50,39,2,6,4,5,48,1,3,2,2,7,10,5,8,11,10,3,928,27,48,10,28,3,0,0,5,1,5,1,3
Evelynn,111,63,13,17,22,54,32,43,25,50,28,39,35,11,31,7,1,14,20,36,22,48,14,55,30,153,84,9,8,15,24,23,9,8,5,13,74,11,33,53,13,7,14,8,32,11,122,19,4,3,2,38,10,27,8,1,4,37,28,52,6,49,5,12,23,56,52,12,34,10,4,39,1,33,25,148,0,24,1,4,3,4,20,1,3,8,4,99,5,4,15,28,7,15,18,23,0,10,1,13,7,0,0,4,4,18,37,3,11,8,1,4,0,1,31,16,9,5,19,1,7,1,2,41,12,14,47,3,1,0,3,2,5,2,63,2,0,2,63,24,27,816,1,12,0,37,17,13,48,4,7,21,2
Kindred,263,92,14,62,36,95,39,103,62,198,208,109,199,68,324,22,13,36,20,106,81,144,11,66,82,200,67,21,48,42,36,138,85,62,9,33,173,19,40,123,33,15,51,16,85,60,247,47,5,8,24,159,17,188,7,5,9,55,11,20,3,69,30,27,149,162,74,24,53,27,12,93,2,63,138,435,2,92,2,25,14,19,27,0,21,12,0,417,11,21,49,12,18,69,114,59,5,3,9,59,26,0,3,31,24,70,46,17,129,26,7,9,3,0,113,18,25,8,18,2,47,0,3,125,25,22,102,6,2,1,4,7,41,3,242,7,1,4,232,63,48,1,2245,9,2,43,34,44,186,8,18,23,20
Jinx,28,10,42,11,7,17,4,16,11,12,24,10,32,5,26,4,20,3,7,7,5,14,3,9,13,20,17,3,5,4,9,29,10,2,2,7,13,5,6,0,3,2,1,3,16,11,0,1,17,1,2,11,4,10,1,2,3,4,8,9,0,1,4,5,9,2,14,6,12,1,3,9,2,4,13,0,1,1,3,3,18,4,3,1,2,1,2,0,1,5,6,7,6,6,6,0,17,0,8,4,8,1,4,7,1,5,0,13,9,2,15,1,2,0,8,4,5,0,2,2,6,2,13,0,4,2,14,1,10,1,1,0,4,3,20,0,1,5,50,6,10,12,9,269,7,6,5,3,11,2,0,5,3
Elise,135,54,4,22,18,102,25,50,30,85,48,46,28,18,53,8,5,8,8,70,24,43,10,31,68,181,122,10,8,13,12,16,20,16,8,8,103,11,18,51,21,5,15,9,46,14,110,11,4,5,6,43,8,48,5,1,4,38,40,47,1,40,8,14,27,59,33,7,21,15,4,47,2,28,20,185,1,52,0,1,2,7,25,0,4,4,1,160,4,2,16,64,8,18,17,25,0,6,0,16,7,0,1,6,6,23,33,0,20,10,3,3,0,0,46,6,7,3,14,4,11,2,1,65,8,10,50,4,2,1,4,0,10,2,101,4,0,0,94,29,28,0,2,7,952,14,18,10,74,2,13,30,6
Yuumi,114,51,118,43,21,47,34,35,36,38,77,47,6,22,80,18,104,8,26,32,34,50,21,15,53,143,92,12,19,19,35,102,21,20,7,20,24,38,26,25,22,8,3,13,34,37,296,9,44,13,2,11,13,40,12,14,9,33,19,44,7,57,6,10,44,74,0,15,46,3,16,11,19,8,53,126,9,21,10,7,62,14,23,6,9,4,3,84,8,9,34,25,22,26,32,15,90,12,12,16,36,11,23,26,2,39,24,48,36,5,73,5,10,7,0,0,1,3,51,4,15,6,38,43,0,5,0,9,38,9,5,7,4,11,1,5,9,17,0,1,3,37,43,6,14,1049,1,0,0,0,8,0,0
Blitzcrank,74,49,96,21,20,44,21,35,20,21,50,27,10,21,53,9,46,8,10,30,18,28,10,10,27,106,48,11,9,14,14,51,22,32,4,12,23,15,12,29,12,3,2,9,28,11,69,3,27,6,1,10,7,30,8,4,5,19,10,18,1,27,13,5,28,59,0,11,17,19,10,9,10,10,36,132,7,23,3,8,41,5,13,4,2,6,4,149,4,2,10,10,5,19,22,10,48,9,8,15,39,6,18,16,3,19,32,30,28,11,42,2,5,4,0,0,2,1,3,4,19,0,35,47,0,1,0,6,46,3,2,1,0,6,0,4,6,12,0,1,0,17,34,5,18,1,698,0,0,1,6,0,0
Braum,68,36,82,17,10,29,12,39,9,20,46,26,11,13,55,7,36,5,3,31,10,28,5,3,33,124,31,10,11,16,11,45,22,13,3,7,16,11,14,48,12,4,1,4,22,11,80,5,17,3,0,7,6,31,3,2,2,14,6,14,0,28,6,5,36,50,0,4,21,3,2,6,4,19,17,59,2,36,2,3,52,3,10,1,6,4,1,60,3,3,13,6,3,16,23,20,35,3,8,13,40,5,23,10,2,20,11,18,20,4,31,1,4,3,0,1,6,1,5,2,11,1,21,22,0,1,0,3,28,2,4,0,0,6,0,1,5,4,0,0,0,13,44,3,10,0,0,559,0,0,4,0,0
Alistar,372,163,465,98,57,228,46,200,69,110,215,108,53,97,319,21,176,27,35,220,81,139,22,30,124,429,224,40,43,68,42,245,125,57,10,30,89,61,57,78,40,29,3,34,109,65,255,36,119,9,2,42,27,138,12,6,16,135,44,60,3,87,25,18,165,228,0,24,71,35,39,25,7,60,140,577,15,95,11,24,268,10,69,7,21,14,12,669,12,16,54,88,13,71,118,31,143,8,33,66,261,19,100,68,10,58,41,69,158,11,162,9,22,19,2,1,4,6,19,21,56,6,139,378,0,10,1,11,210,7,8,7,5,20,0,10,18,40,0,2,5,48,186,11,74,0,0,0,2989,0,16,0,2
Zyra,19,17,27,8,5,5,4,11,12,7,15,11,2,4,14,8,21,2,2,10,4,18,3,0,4,20,11,4,3,5,13,19,7,1,1,7,7,6,7,25,4,3,0,0,20,3,26,4,6,0,0,1,5,7,3,5,3,10,4,10,0,6,4,4,6,19,0,6,8,2,2,2,1,6,7,53,4,4,0,2,8,4,4,1,4,3,2,23,1,5,3,8,3,4,8,4,18,4,8,3,4,5,10,4,0,7,13,7,2,2,16,0,6,1,0,0,0,1,3,2,6,0,10,4,0,2,0,1,12,3,1,3,1,1,2,1,4,2,0,0,1,4,8,2,2,0,1,0,0,223,0,1,0
Xayah,33,14,58,13,6,28,7,21,12,25,33,19,15,14,44,4,28,3,5,22,6,20,4,13,9,26,24,6,6,6,8,32,20,3,3,5,23,7,7,3,5,6,1,3,23,7,3,6,14,2,0,18,6,17,2,2,3,9,3,7,1,2,4,6,13,1,19,11,12,1,4,10,3,2,21,1,2,0,4,3,30,3,1,2,2,0,0,1,3,4,11,7,5,13,11,0,20,3,5,11,29,7,9,11,1,7,1,10,17,6,17,3,7,2,123,3,6,0,2,1,6,0,16,0,4,3,11,1,15,3,0,0,6,4,19,1,2,4,31,8,5,7,18,0,13,8,6,4,16,0,376,5,2
Nami,75,53,114,29,11,32,32,36,27,20,46,22,11,16,55,11,62,17,12,21,20,50,20,5,31,152,46,14,15,18,27,66,16,11,4,11,21,29,17,36,12,6,1,4,25,19,85,12,35,7,0,11,14,20,9,3,9,35,7,21,2,47,8,15,49,44,0,11,44,5,10,13,12,7,25,105,2,21,10,8,32,6,29,6,7,3,6,101,4,3,22,11,10,27,26,16,52,10,11,20,42,9,21,17,2,23,50,32,22,7,50,0,7,4,0,0,1,5,18,6,13,3,28,14,1,7,0,5,30,3,3,4,3,12,0,3,8,10,0,1,1,21,23,5,30,0,0,0,0,1,5,759,0
Rell,35,21,43,8,11,22,10,19,15,8,23,17,1,4,38,3,22,4,4,18,6,21,7,0,16,45,28,6,3,6,2,39,19,7,0,5,24,13,5,12,3,6,1,3,8,3,35,5,9,3,0,2,4,8,1,1,1,9,4,16,1,15,1,4,16,31,0,5,13,3,3,3,4,5,8,53,2,6,2,3,30,2,16,1,1,1,1,65,3,4,12,6,2,5,10,5,17,2,9,16,32,2,8,5,1,11,6,6,14,1,7,0,2,1,0,0,0,1,4,0,1,0,12,34,0,0,0,2,19,0,1,1,0,2,0,1,3,2,0,1,3,2,20,3,6,0,0,0,2,0,2,0,329
